"Room","Title","Description","Singers (one line)","YoutubeID"
"Sio Kerala","'ഇബ്‌റാഹീമായിടാം' | Music Video | Ajmal Sinan | Ayman MA | Sio Kerala | Samvedhanavedhi","ഇബ്‌റാഹീമായിടാം | Music Video | Lyrics & Music Ayman MA |  Vocal Ajmal Sinan | Arranged by Faheed Ali | Mixing and Mastering  Adam Shajeeh | Cinematography Fawas Puthur | Associate Cinematography Amal CH | Edited by Misab KP | Design Badeeu Zaman |  Instruments Roshan Haris |  Studio Adam's MixLab | Creative Support Saeed Kodungallur | Jewad PS | ഇബ്റാഹീമിൻ ബഹ്റല കഥയാലും | ഇസ്മാഈലിൻ ബലിനിലം വിറയാർന്നും | കഥ കേട്ട്  ജിന്നിൻസും മലക്കും മഹ് ലൂഖും | ഇഹംപരം ഹംദാലെ തഹമീദിലാഴ്ത്തുന്നു- | തികവൊത്ത കഅ്ബക്കായ് | പകൽചൂടുംകനം പേറും | മികവൊത്ത ശുക്റാലെ | ഇരുൾക്കാടും നനഞ്ഞീടും 2 | നിർഭയം തന്നിടൂ | നീർജലം ഒഴുകിടൂ | നിന്നിലേക്കെത്തിടാൻ","Not credited","VKRptv8F5ks"
"Sio Kerala","Amina Beevithan | ആമിന ബീവി തൻ | Dana Razik |  Cover song | samvedhanavedi | SIO KERALA","Amina Beevithan | ആമിന ബീവി തൻ | Dana Razik |  Cover song | മദ്ഹ് ഗാനം | samvedhanavedi |SIO KERALA | ആമിന ബീവി തൻ | പ്രവാചക മദ്ഹ് ഗാനം | Cover Version | Lyrics: TKM Iqbal | Vocal: Dana Razik | Orchestra: Akbar Malappuram | Direction & Edit : Jasir Basheer | Cinematography : Syed Fahri | Associate Direction :  Sayid Muzammil | Associate Cinematography : Bilal Vkd | Art & Title Design : Roshan Ibnu Ummer | ഒറിജിനൽ സോങ്ങ് | രചന: ടി.കെ.എം. ഇഖ്ബാൽ","Dana Razik","GvZ-Hsbocjw"
"Sio Kerala","ILAHINTE VARIDHI | ഇലാഹിന്റെ വാരിധി | Lyrical Animation Video | SIO AL JAMIA | Samvedhanavedi","Song : ILAHINTE VARIDHI | Lyrics:Ayman MA | Composed by: Haseeb Razak | Vocal  : Salman SV | Concept & Subtitle:Ameen Nasih | Graphics & Animation:Mishab Karakkunnu | Backing Vocals : Haseeb Razak & Jasim Jamal | Guitar : Jasim Jamal | Programming, Mixing & Mastering : Antony Raphael | Creative Support : Jasim Jamal,Hafees ,Saeed Hafiz, Ansif Abdullah and Safvan | Studio : NHQ Kochi & Tender Tone production Thrissur | ♫ Listen in Amazon Music : https://bit.ly/ilahintevaridhi | ♫ Listen in Spotify : https://bit.ly/ilahintevaridhispotify | ♫ Listen in iTunes : https://bit.ly/ilahintevaridhiapplemusic","Salman SV","93DP-EbTi8c"
"Sio Kerala","Mariyakkutty Katthpattu | മറിയക്കുട്ടി കത്ത്പാട്ട് | Sidrathul Munthaha | SIO Kerala | Mappilahaal","Mappila Haal Lauching Ceremony | Mappila Haal | Interactive Virtual Exhibition | on 1921 Malabar Rebellion","Not credited","roC83SMEmtU"
"Sio Kerala","NERANITH POOKKUM | നേരാണിത് പൂക്കും | Lyrical Video | Samvedhanavedi | SIO KERALA","Lyrics: Iqbal Mullungal | Music: Ubaid Kunnakkavu | Vocal: Mithulesh Cholakkal, Sabnas Kozhikode | Recording & Mixing: Khayal Calicut | Video: Sabith Misalee | Creative Support : Saeed Kodungallur , Roshan bin Ummer | മേരി ജാൻ മേരി ഷാൻ | Sio സിന്ദാബാദ് | മേരി ജാൻ മേരി ഷാൻ | Sio സിന്ദാബാദ് | ഇനിയിരുളിൽ നിങ്ങള് മെനയണ | കള്ളക്കഥ തോൽക്കും | ഇത് ഞങ്ങളുറക്കെപ്പാട്ണ | നേരാണിത് പൂക്കും","Mithulesh Cholakkal, Sabnas Kozhikode","te0N8BEqG8o"
"Sio Kerala","NOORUN ALA NOOR | നൂറുൻ അലാ നൂർ | FAHEED ALI | COVER SONG | SAMVEDHANAVEDHI","NOORUN ALA NOOR | നൂറുൻ അലാ നൂർ | Lyrics: Jameel Ahmed | Vocal: Faheed Ali | Programming/ Mastering: Suveesh viswa | Video: Saeed Kodungallur | Studio: MusiqHut Vadakara","Faheed Ali","6lc5fAZxEVk"
"Sio Kerala","Puzhanombarathinte | പുഴനൊമ്പരത്തിന്റെ | Karunyatheeram | കാരുണ്യതീരം | sio song 01","""Puzhanombarathinte Chudumanal Nettiyil"" is the first song of the famous album Karunyatheeram. Karunyatheeram is released by sio. And it is still remembered as the best of sio songs. | This song is being Re uploaded by sio Ernakulam as part of its District Cadre Conference, Jan 2018.","Not credited","WzEWzFTb6TU"
"Sio Kerala","Rap Performance | EmEn | SIO Kerala | Mappilahaal Launching Ceremony","Mappila Haal Lauching Ceremony | Mappila Haal | Interactive Virtual Exhibition | on 1921 Malabar Rebellion","Not credited","0gP9-KMFblQ"
"Sio Kerala","SHIKHARAM | ശിഖരം | Thanima Bengaluru | Ajmal Mampad | Shammas Oliyath | Faheed Ali,Saarika Gopinath","Thanima Bengaluru Presents | Lyrics : Ajmal Mampad | Music : Shammas Oliyath | Vocal : Faheed Ali, Saarika Gopinath | Title Design - Kareemgraphy | Programming and Mixing : SanDy | Studio : Sandy's Recording Suite - Vadakara | Concept & Co ordination : Shafeeq Ajmal | Releasing on Samvedhanavedhi | മുകിലുകൾക്ക് മീതേ | ശിഖരമാവണം | മേഘജാലങ്ങളിലേന്തീ  വഴിതാണ്ടണം | മോഹം പൂക്കും തീരാദാഹം | ഏഴു വാനങ്ങൾ ചേരും പാരാവാരം","Faheed Ali, Saarika Gopinath","LXK1viuPDlo"
"Sio Kerala","Sio revolutionary song Jeevitha paadam","സാർവമൗലിക നീലിമയും | ശാന്തി പരത്തും ധവളിമയും | വിപ്ലവമോതും ഷോണിമയും | ചേർത്തു കെട്ടിയ മൂവർണ്ണക്കൊടി | വാനിലുയർത്തി ഞങ്ങൾ വിളിക്കും | എസ്.ഐ.ഒ സിന്ദാബാദ്...","Not credited","wXT1FxPLNAE"
"Sio Kerala","Sio revolutionary song Maratte.. marate ekalavum kolangalum","Students Islamic organization | സാർവമൗലിക നീലിമയും | ശാന്തി പരത്തും ധവളിമയും | വിപ്ലവമോതും ഷോണിമയും | ചേർത്തു കെട്ടിയ മൂവർണ്ണക്കൊടി | വാനിലുയർത്തി ഞങ്ങൾ വിളിക്കും | എസ്.ഐ.ഒ സിന്ദാബാദ്...","Not credited","0q5q3iPL_J4"
"Sio Kerala","sio song നേര് പൂക്കുന്ന കാലം 2","No description provided","Not credited","wZ0IqVgevUk"
"Sio Kerala","SiO song മഴവിലിൻ തണൽ 5","-Video Upload powered by https://www.TunesToTube.com","Not credited","LdbMnYMTZ1s"
"Sio Kerala","SiO song മഴവിലിൻ തണൽ 7","-Video Upload powered by https://www.TunesToTube.com","Not credited","PNl9ZYDMZqo"
"Sio Kerala","Thee Padarthuka Vaakkukalalee | തീ പടർത്തുക | Karunyatheeram | കാരുണ്യതീരം | sio song 03","""Thee Padarthuka Vaakkukalalee"" is the third song of the famous album Karunyatheeram. Karunyatheeram is released by sio. And it is still remembered as the best of sio songs. | This song is being Re uploaded by sio Ernakulam as part of its District Cadre Conference, Jan 2018.","Not credited","EL5WCW71nZo"
"Sio Kerala","Zammilooni | സമ്മിലൂനി| Lyrical video |Eid Song|SIO PALAKKAD|Samvedanavedi","Song : zammilooni | Vocal : Salman SV | Composer : Bayanuzzaman | Lyrics : Hafis Nenmara | Graphics : Fayas Mattummal | Studio: Adam Mixlab | കുഫ് റിൻ കാലത്ത്    ജഹ് ലിൻ ചൂടത്ത് | ഹിറാ പാറപ്പുറത്ത് അന്ന് ഉറവ പൊട്ടി | അകക്കിതപ്പാൽ  വിയർത്ത് ഹുബ്ബ്  ഏറ്റം തിടുക്കത്തിൽ എത്തി ചാരത്തിണതുടിപ്പ് | മലർ പുതപ്പായീ  തണുപ്പ്.... | (സമ്മിലൂനി സമ്മിലൂനി സമ്മിലൂനി) | കലാമാലെ ജഗമാകെ പ്രഭ പരത്തി | റൂഹുൽ ഖുദ്സ്സിൻ്റെ ചിറകേറി വഹിയിറങ്ങി | നുണയും നിരാശയും കരിഞ്ഞുണങ്ങി","Salman SV","AdVYi8Va-GM"
"Sio Kerala","ഇരവിലുയരും | Iraviluyarum | Lyrical Video | Samvedhanavedhi | SIO Malappuram","Samvedana Vedhi Presents | ഇരവിലുയരും | Music composed and Vocal : Faheed Ali | Lyrics: Ayman MA | Production: Samvedanavedhi Malappuram | Harmonium : Roshan Haris | Guitar: Haris Veeroli | Rythm & Duff : Samad Ammas | Additional Programming: mixing Mastering: Suveesh Vishwa | Studio : Ammas & Rooh Rang Studio | Art: Faheem | Editing: Saeed | Title Design: Hamdhan vazhakkad | SIO Malappuram","Not credited","f0vBdmIjK64"
"Sio Kerala","ദിക്റുല്ലാഹ് | Dhikrullah | Faheed Ahmed I Music Video | Samvedhanavedhi | sio kerala","ദിക്റുല്ലാഹ്... | Dhikrullah... | Composed By : Haseeb Razak ,Jasim Jamal | Lyrics : Ansif Abdulla | Vocal : Faheed Ahmed | Backing Vocals : Jasim Jamal, Haseeb Razak, Ansif Abdulla | Programming and Mastering : Antony Raphael | Tabala : Hakeem Tirur | Guitar : Hafiz Mohammed | Studio : Mac Bro Studios | Urdu Lyrics : Gafoor Kolathur,Ashfaq Ahmed | Video By: Saeed Kodungallur | Drawing : Faheem PT | Creative Support: Jasir Basheer, Jawad PS","Faheed Ahmed","AUh6Q62wHuc"
"Sio Kerala","പാട്ടിരുത്തങ്ങൾ | Eid | Song | sio panayikulam","വരും തലമുറകൾക്ക് ബാക്കിയാവുന്ന സംഗീത രാവുകളാണ് പെരുന്നാളിന്റേത്.... | Artists : Rijas K H, Ashique T A, Ameen Akthar, Mohammed Shakir, Adnan C T | Camera & Edit : Nayeef M M | Follow us on social media:- | Facebook :-https://www.facebook.com/sio.panayikulam | Instagram :-https://instagram.com/siopanayikulam?igshid=10phsmcj9c4rp","Not credited","BLMK48ifaFE"
"Gio Kerala","Aysha Beevi (R) | ഹുമൈറാഅ്‌  ആയിഷ ബീവി (റ) | Music Video | GIO AL JAMIA","ഹുമൈറാഅ്‌  ആയിഷ ബീവി (റ) | Lyrics: Adila K, Nida Vajifa EN | Vocal: Huda Asharaf P | Backing Vocals: Jasim Jamal and Haseeb Razak | Music Composer: Haseeb Razak | Programming: Antony Rapheal | Title Design & Digitalizing: Afna M, Nuzha Hanan | Art: Nida Mariyam, Nida Vajifa EN, Nada NT, Sahla Sherin KP | Calligraphy: Thooba Ruqiya | Video: Swaliha & Nuzha | Studio: Mac Bro Kondotty | Special Thanks: Ajmal Mampad, Salih MC | പൂർവ്വ പ്രവാചകന്മാരായ ഇബ്റാഹിം (അ) യുടെയും ഇസ്മാഈൽ (അ) യുടെയും  കാലശേഷം അണഞ്ഞ് കൊണ്ടിരുന്ന സത്യദീനിന്റെ വിളക്കിനെ  പൂർണ്ണതയോടെ ജ്വലിപ്പിച്ച് നിർത്താൻ അന്ത്യ പ്രവാചകൻ മുഹമ്മദ് (സ്വ) ആഗതനായി. | റസൂലിന് പ്രവാചകത്വത്തിന്റ ആ മഹാദൗത്യം  ഏൽപ്പിക്കപ്പെട്ട് നാല് വർഷങ്ങൾ കഴിഞ്ഞാണ് അബൂബകർ സിദ്ദീഖ് (റ) വിന് ആഇശ എന്ന ഓമന പുത്രി ജനിക്കുന്നത്.","Huda Asharaf P","roRV_8SAPw4"
"Gio Kerala","HUbB | SONG OF LOVE المتحابون في الله | Haseeb Razak | Ajmal Mampad | Huda Basheer","HUbB | SONG OF LOVE المتحابون في الله | A Haseeb Razak musical | GIO Thrissur sargavedhi presents... | Lyrics: Ajmal Mampad | Vocal : Huda Basheer | Lyrical Video : Saeed kodungaloor | Artist : Faheem PT | Programming: Bayanuzzaman | Mix And Mastering: Vocal Chords (Arjun Kottaram) | Studio: Aum Studios Thrissur | Song concept: Hiba Adhil | Abnam Sakiya P.S | Fathima Hiba Shibily | Naseeha Rahmath Ali","Huda Basheer","Iy3AZf2J_gg"
"Gio Kerala","Hubb-Song of Love","Provided to YouTube by GIO KERALA | Hubb-Song of Love · GIO KERALA · Huda Basheer · Haseeb Razak · Ajmal Mampad | Hubb | ℗ 2025 GIO KERALA | Released on: 2025-08-15 | Composer: HASEEB RAZAK | Auto-generated by YouTube.","Not credited","8ISX8vcBOUQ"
"Gio Kerala","PUTHUJALAKANGALIL |പുതുജാലകങ്ങളിൽ|Faheed Ali |Ansif Abdulla|Official Song |GIO ERNAKULAM | Sargavedi","Song: PUTHU JALAKANGALIL | Lyrics : Ansif Abdulla | Composed by : Faheed Ali | Vocal : Devananda Satheesh | Backing Vocals : Fathima Hana, Sidrathul Munthaha OS, Lamia Zakir Husain, Nawal Farheen KA | Graphics & Animation : Misab karakkunnu | Programmed by : Sandy | Studio : Sandy's Music Hub and SRB Sounding | സർഗവേദി-GIO Ernakulam","Devananda Satheesh","xCwaigPXcME"
"Gio Kerala","SAFAR, Ode to Four Decades-Official Music Video| Jasim Jamal | Dana Razik | Fidha Bilal | Gio Kerala","A Jasim Jamal Musical | Lyrics : Fidha Bilal | Singer : Dana Razik | Programming & Arrangements : Amith Sajan | Mixing & Mastering : Vocal Chords ( Arjun Kottaram) | Studio : Sonic Island Kochi | Video : Saeed Kodungallur | Art : Faheem PT | Design : Hannad Hadi | follow us on | facebook.com/giokerala | instagram.com/giokerala","Dana Razik","41QqXhSqE4M"
"Gio Kerala","Tarana e Tanzeem | Girls Islamic Organisation","Members Girls Islamic Organisation reciting Tarana e Tanzeem at the City Conference organised by Girls Islamic Organisation, Hyderabad on 20th October, 2019 at Exhibition Grounds, Nampally.","Not credited","3OEpaEuDtXg"
"Gio Kerala","खतरा - Rap Song |SARGAVEDI |GIO KERALA","Singer : Suvaibathul Aslamiyya K | Lyrics: Ansif Abdullah | Music : Basim Salim | Mixing & Mastering : Ashbin Paulson | Studio : Amala Media House, Kozhikode | Video : Misab Karakunn","Suvaibathul Aslamiyya K","IR6ZuVzjSz0"
"Gio Kerala","ഇലാഹെന്നും അക്ബർ | A Faheed Ali Musical | Fidha Bilal | Fathima Isthik | GIO Malappuram - Sargavedi","Lyrics : Fidha Bilal | Composed by : Faheed Ali | Programmed, Mixed and Mastered by : Sandy | Studio : Sandy's Music Station , AUM Studio Trissur | Vocal : Fathima Isthik | Chorus : Shifa Sulthana, Haya Abdul Hakim Khan, Fida Thasneem | Studio engineer : Abhiram Unnikrishnan | Executive producer : Shifa Sulthana K K | Video editing : Hafiz Kottakkal | Poster design : Muhammad Safvan","Fathima Isthik","Gs571xiQOJ8"
"Gio Kerala","കിതാബിലെ കിസ്സ | Kithabile Kissa | Raniya Haneef & Linu Husna | Faheed Ahmed | GIO KERALA","കിതാബിലെ കിസ്സ | Kithabile Kissa | Lyrics   :  Fidha Bilal, Adila K | Vocals : Raniya Haneef, Linu Husna | Music   : Faheed Ahmad | Chorus : Hira Fathima, Nuha Abdul Salam | Programming / Mixing : Suveesh Vishwa - Vatakara | Studio : MusiqHut vatakara | Lyrical Video : Ibnas Ahmed | Special Thanks: | Samad Ammas | Ameen Karakkunnu | Jameel Ahmed | Ajmal Mampad | Shameema Sakkeer","Raniya Haneef, Linu Husna","OvuSgjpkQDk"
"Gio Kerala","താത്തക്കുട്ടികളുടെ പാട്ട് | സംഗീത നാടകം | GIO KERALA","നേരിന്റെ പെണ്ണിടങ്ങൾ സൃഷ്ടിച്ച് ജി. ഐ. ഒ കേരളയുടെ പെരുന്നാൾ വിരുന്ന് | രചന: ജമീൽ അഹമ്മദ് | സംവിധാനം: മുനീബ് കാരക്കുന്ന്, ജബ്ബാർ പെരിന്തൽമണ്ണ | അവതരണം: ഇർഷാദിയ വിദ്യാർത്ഥിനികൾ","Not credited","_4idkeRQuY4"
"Gio Kerala","താരഗണങ്ങൾക്കപ്പുറം പോരാട്ടവീറിന്റെ പെണ്ണിടം | Lyric Video Song | GIO Kerala | Sidhrathul Munthaha","താരഗണങ്ങൾക്കപ്പുറം പോരാട്ടവീറിന്റെ പെണ്ണിടം | ജി.ഐ.ഒ കേരള പുറത്തിറക്കിയ ഗാനം | Music Video By GIO Kerala | Lyrics : Ameen Karakkunnu | Music : Muhsin Kurikkal | Singer : Dr. Sidhrathul Munthaha | GIO was established on March 5 1984. It functions under the supervision of JIH. Gio releases the potential of womenfolk in moulding the society's future. And also intends to uplift the girls and enhance their power of action and reaction. | GIO releases that it is from the girls themselves that the voices for safety and security should wise. | Being a group that works among girls GIO has to make its member realize their space in their families as well as society. Girls should have the courage to shoulder the responsibility of handing over the message of truth to the posterities.","Dr. Sidhrathul Munthaha","BiLtFHcg6Ys"
"Gio Kerala","പോരിമ്പം  | Song Release by GIO KANNUR | AMEEN KARAKUNNU | FAHEED ALI  @gio_kannur #porimbam","A FAHEED ALI MUSICAL | LYRICS: AMEEN KARAKUNNU I VOCAL: SAARIKA GOPINATH LYRICAL VIDEO: SAEED KODUNGALOOR | PROGRAMMED, MIXED AND MASTERED BY: SANDY | I PRODUCTION: GIO KANNUR | STUDIO: SANDY'S WORKSTSTION | POSTER: AHAMMED RABEEH","Not credited","zmju0p51ntg"
"Gio Kerala","മാളു ഹജ്ജുമ്മ | MALU HAJJUMMA | GIO KERALA","മാളു ഹജ്ജുമ്മ | Video Song | MALU HAJJUMMA | GIO KERALA | Vocal: Raniya Haneef, Rijisha Balakrishnan | Music: Haseeb Razak | Lyrics: Ajmal Mampad | Backing vocals : Jasim Jamal and Haseeb Razak | DOP: Syed Fahri | Editing. Thufail Zaman | Title: Kareemgraphy | Programing & Mixing. Antony Raphael | Art director: Shahal Afnan | Production Controller: Nihas Basheer | Studio: Macbro Kondotty","Raniya Haneef, Rijisha Balakrishnan","Ip9i7q74Fao"
"Gio Kerala","ഹഖുണരും | A Faheed Ali Musical | GIO Kozhikode","ഹഖുണരും💜 | Lyrics : Adv Faheema K Haneef | Vocal : Huda Ashraf P | Composing : Faheed Ali | Lyrical Video : Swaliha Siraj | Programming mixing & Mastering : Suveesh Viswa | Studio : Musiqhut | Poster design : Hannad | Follow Us: | Facebook.com/GIOKozhikode | Instagram.com/giokozhikode | Youtube.com/giokozhikode | LYRICS | കണ്ണുകൾ വിതുമ്പും നേരം","Huda Ashraf P","08eUkdz_flY"
"Solidarity Youth Movement","#RahmanMunnoor #SameerBinsy #ImamMajboor | കാലു രണ്ടും വിറകൊണ്ടും | RAHMAN MUNNOOR | NEW SONG","അനശ്വര കലാകാരന്‍ റഹ്മാന്‍ മുന്നൂരിന്റെ | അപ്രകാശിത രചന സോളിഡാരിറ്റി യൂത്ത്മൂവ്‌മെന്റ് അദ്ദേഹത്തെ അനുസ്മരിച്ച് കൊണ്ട് പുറത്തിറക്കുന്നു. | രചന: റഹ്മാന്‍ മുന്നൂര്‍ | ഈണം: കോഴിക്കോട് അബൂബക്കര്‍ | സംഗീതം: അക്ബര്‍ മലപ്പുറം | ശബ്ദം: സമീര്‍ ബിന്‍സി, ഇമാം മജ്ബൂര്‍","Not credited","j2msPEE3ukI"
"Solidarity Youth Movement","Rahman Munnoor audio song lonched by Solidarity Youth Movement","Rahman Munnoor audio song lonched by Solidarity Youth Movement","Not credited","pNdR8yi4ZSc"
"Solidarity Youth Movement","solidarity song","solidarity janapaksha sammelanam (","Not credited","LkLS04KymIg"
"Solidarity Youth Movement","SOLIDARITY SONG","സോളിഡാരിറ്റിയുടെ പുതിയ ഗാനം","Not credited","4-sBle-1HFE"
"Solidarity Youth Movement","SOLIDARITY SONG നന്മയിലേക്കൊരു ചുവടുവെപ്പ്","No description provided","Not credited","y40WaX96mbo"
"Solidarity Youth Movement","Solidarity songs.. Adam nabimudal andya pravachakarolam..","Solidarity Kerala Songs..","Not credited","1KZ3ja4TqmA"
"Solidarity Youth Movement","Solidarity Youth Conference Song","Solidarity Youth Conference Song","Not credited","RVzzpsLDpFc"
"Solidarity Youth Movement","song 2","No description provided","Not credited","igEhv4b0Njs"
"Solidarity Youth Movement","ഈ നീലമാനത്തിൻ Cover Song | Solidarity Youth Movement Kerala | Ameen Yasir, Jameel Ahmed and Crew","ഈ നീലമാനത്തിൻ Cover Song | Solidarity Youth Movement Kerala | Ameen Yasir & Crew","Not credited","2qrnGaRqQws"
"Solidarity Youth Movement","ഈദീസം | Eedeesam | Eid Song | Solidarity Youth Movement | Trivandrum| Shameem TGI | Muhammed Ashkar","സോളിഡാരിറ്റി യൂത്ത് മൂവ്മെന്റ്, തിരുവനന്തപുരം ഒരുക്കിയ പെരുന്നാൾ പാട്ട് | Lyrics: S M Anwar | Music: Shameem TGI | Vocal: Muhammed Ashkar & Jahana Kareem | Orchestration, Mixing & Mastering: Anoop Kumar Kallingal | Studio: Media Field – Nedumangad, KG Media, Vibe Media Productions – Paleri | Animations & Editing: Thufail | Posters: Rabeeh | Lyrics: | യാ സലാം... യാ സലാം... | ഫർദാകും നോമ്പു കഴിഞ്ഞു | ഫിത്വ് റിന്റെ ഈദണയുന്നു | ഫലമേറി നിറഞ്ഞ റബീഇൽ | ഫിർദൗസിൻ വാതിൽ തുറന്നു","Muhammed Ashkar & Jahana Kareem","KiL-jgApJQE"
"Solidarity Youth Movement","കവിതയാക്കുന്നോനെ Video song | Solidarity Ernakulam | Eid Song |","ഏവർക്കും പെരുന്നാൾ സന്തോഷങ്ങൾ✨ | Song Credits : | Song Name : കവിതയാക്കുന്നോനേ | Lyrics : Iqbal mullungal | Composed by : Rijas.k.h | Vocal : Sidrathul munthaha,Rijas.k.h | Editor:Mishab karakkunnu | Bgm:Jubin | Mentor:Ajfas u.m | Creative Support:Sajid Perumbavoor, Zameel Kalamassery,Farhan Siraj | Design:Badeeu zaman | Studio:YK Studio,kalady | Special Thanks : DC members, Solidarity ernakulam | Mixing and mastering: Suneesh.R.S","Sidrathul munthaha,Rijas.k.h","4pZx1AF6OuE"
"Solidarity Youth Movement","നെറുകെ Voice of Pride | Faheed Ali | Ajmal Mampad | Solidarity Youth Movement Kerala | #Neruke","Youth Spring Film Society Presents | നെറുകെ | Voice of Pride | Lyrics : Ajmal Mampad | Composed and vocal : Faheed Ali | Programmed and mixed: SanDy | Studio : Sandy's Workstation | Design : Hannad | Art : Faheem. PT | Video By : Saeed Kodungallur | വേദങ്ങൾ ചൊല്ലും വിധമായ് | ആരുണ്ടീ മീമിൽ നനയാൻ | പാദങ്ങൾ പൊള്ളും നിജമായ് | വീറുണ്ടോ ദീനിൽ അണയാൻ","Not credited","d3HFavYzr0w"
"Solidarity Youth Movement","പ്രതിരോധത്തിന്റെ പാട്ട് | Solidarity Youth Movement | State Conference | Protest Song","പ്രതിരോധത്തിന്റെ പാട്ട് | Solidarity Youth Movement | State Conference | Protest Song | Lyrics: Jameel Ahmed Malappuram | Music: Aboobecker Karuvarakundu | Singers: Salahudheen Mannarkkad, Aboobecker Karuvarakundu, Mishab.MK Koduvally | Ashfaq Rahman Tiruvanantapuram, Lesin.TM Cheruvetta | Edit: Mueen Ponissery | ആര് നീതികേടിൻ കൂരിരുട്ടിൽ നിർത്തി ഉമ്മയെ, | ആര് ജയിലിൽ പൂട്ടി നാട്ടിൻ യൌവനപ്രതീക്ഷയെ, | ആര് കുടിലുകൾ തകർത്തു തെരുവിലാഴ്ത്തി മക്കളെ, | ആര് പെറ്റുവീണ നാട്ടിലന്യരാക്കി നമ്മളെ, | ചൂണ്ടുവിരലുയർത്തി നമ്മളൊന്നുചേർന്നുറക്കെ ധീരം, | ഒറ്റയൊച്ചയിൽ മുഴക്കു ചോദ്യമിങ്ങനെ.... | എന്തിനിവരെ തെരുവിലിട്ടടിച്ചുകൊന്നു ക്രൂരമായ്, | എന്തിനെന്റെ കൂട്ടുകാരനെ പിടിച്ചു കൊണ്ടുപോയ്,","Salahudheen Mannarkkad, Aboobecker Karuvarakundu, Mishab.MK Koduvally","Ff3ojMQ4sRk"
"Solidarity Youth Movement","മുന്നൊരുക്കം solidarity song 1 ""ഇനിയും നമ്മൾ ഉറങ്ങല്ലേ","മുന്നൊരുക്കം സമര ഗാനങ്ങൾ | Solidarity Youth movement | രചന/ജമീൽ അഹമ്മദ്, ഹിക്മത്തുല്ല | സംഗീതം/അമീൻ യാസിർ | ആലാപനം/ഷാനവാസ്, സമീർ ബിൻസി, അമീൻ യാസിർ, വിശ്വനാഥ് | -Video Upload powered by https://www.TunesToTube.com","Not credited","eeplUbfLTko"
"Solidarity Youth Movement","മുന്നൊരുക്കം solidarity song 2 ""നാടിനെ ഒറ്റികൊടുക്കു","മുന്നൊരുക്കം സമര ഗാനങ്ങൾ | Solidarity Youth movement | രചന/ജമീൽ അഹമ്മദ്, ഹിക്മത്തുല്ല | സംഗീതം/അമീൻ യാസിർ | ആലാപനം/ഷാനവാസ്, സമീർ ബിൻസി, അമീൻ യാസിർ, വിശ്വനാഥ് | -Video Upload powered by https://www.TunesToTube.com","Not credited","uV6NWx0lRYU"
"Solidarity Youth Movement","മുന്നൊരുക്കം solidarity song 6 ""ഒത്തൊരുമിച്ചൊരു""","മുന്നൊരുക്കം സമര ഗാനങ്ങൾ | Solidarity Youth movement | രചന/ജമീൽ അഹമ്മദ്, ഹിക്മത്തുല്ല | സംഗീതം/അമീൻ യാസിർ | ആലാപനം/ഷാനവാസ്, സമീർ ബിൻസി, അമീൻ യാസിർ, വിശ്വനാഥ് | -Video Upload powered by https://www.TunesToTube.com","Not credited","lf6oHNxR5lI"
"Solidarity Youth Movement","മുന്നൊരുക്കം solidarity song 7 ""സഹനത്തിൻ""","മുന്നൊരുക്കം സമര ഗാനങ്ങൾ | Solidarity Youth movement | രചന/ജമീൽ അഹമ്മദ്, ഹിക്മത്തുല്ല | സംഗീതം/അമീൻ യാസിർ | ആലാപനം/ഷാനവാസ്, സമീർ ബിൻസി, അമീൻ യാസിർ, വിശ്വനാഥ് | -Video Upload powered by https://www.TunesToTube.com","Not credited","zlPZsl039rI"
"Solidarity Youth Movement","മുന്നൊരുക്കം solidarity song3 ""പഴങ്കിനാക്കളിൽ""","മുന്നൊരുക്കം സമര ഗാനങ്ങൾ | Solidarity Youth movement | രചന/ജമീൽ അഹമ്മദ്, ഹിക്മത്തുല്ല | സംഗീതം/അമീൻ യാസിർ | ആലാപനം/ഷാനവാസ്, സമീർ ബിൻസി, അമീൻ യാസിർ, വിശ്വനാഥ് | -Video Upload powered by https://www.TunesToTube.com","Not credited","9-Gkj7SaE0s"
"Solidarity Youth Movement","യവ്വനം- പോരാട്ടപ്പാട്ടുകള്‍ | ഉണര്‍ത്തുപാട്ടുമായ്‌ | Islamic Song","ഉണര്‍ത്തുപാട്ടുമായ്‌ | യവ്വനം- പോരാട്ടപ്പാട്ടുകള്‍ | സോളിഡാരിറ്റി","Not credited","Z1fM4z2CT-0"
"Solidarity Youth Movement","യവ്വനം- പോരാട്ടപ്പാട്ടുകള്‍ | കണ്ണീര് പെയ്യുന്നു | Islamic Song","യവ്വനം- പോരാട്ടപ്പാട്ടുകള്‍ | കണ്ണീര് പെയ്യുന്നു | സോളിഡാരിറ്റി | കേൾക്കാം ഇസ്‌ലാമിക ഗാനങ്ങൾ | ആൽബങ്ങൾ | 1. ഒരുമിക്കാം ഒത്തുകളിക്കാം.. ബാലോത്സവ ഗാനങ്ങള്‍ | 2. യവ്വനം- പോരാട്ടപ്പാട്ടുകള്‍ | 3. അബതാഹ്‌ | 4. മിഴിപ്പൂക്കൾ | 5. ഹിജാസ് | 6. ഹിറാ ഗാനങ്ങൾ | 7. കുട്ടികള്‍ക്കുള്ള അല്ലാഹുവിന്റെ പാഠങ്ങള്‍ | 8 ആദം - കുട്ടികള്‍ക്കായുള്ള അറിവിന്റെ പാട്ടുകള്‍ | 9. വിദ്യാര്‍ഥികളുടെ പടയും പാട്ടും","Not credited","goxWeXOeivI"
"Solidarity Youth Movement","യവ്വനം- പോരാട്ടപ്പാട്ടുകള്‍ | നീതികെട്ട | Islamic Song","നീതികെട്ട | യവ്വനം- പോരാട്ടപ്പാട്ടുകള്‍ | സോളിഡാരിറ്റി","Not credited","T5x-CBk_bQA"
"Solidarity Youth Movement","യവ്വനം- പോരാട്ടപ്പാട്ടുകള്‍ | നീതിയെ കുഴിമൂടി | Islamic Song","നീതിയെ കുഴിമൂടി | യവ്വനം- പോരാട്ടപ്പാട്ടുകള്‍ | സോളിഡാരിറ്റി","Not credited","m-rUqq0SQWY"
"Solidarity Youth Movement","യവ്വനം- പോരാട്ടപ്പാട്ടുകള്‍ | പൊരുതിടാനൊരു | Islamic Song","പൊരുതിടാനൊരു | യവ്വനം- പോരാട്ടപ്പാട്ടുകള്‍ | സോളിഡാരിറ്റി","Not credited","uXRvlF4Er8Q"
"Solidarity Youth Movement","യവ്വനം- പോരാട്ടപ്പാട്ടുകള്‍ | യുവതക്കുണ്ടൊരു ദൗത്യം | Islamic Song","യുവതക്കുണ്ടൊരു ദൗത്യം | യവ്വനം- പോരാട്ടപ്പാട്ടുകള്‍ | സോളിഡാരിറ്റി","Not credited","vWt4NvKCKfU"
"Solidarity Youth Movement","യവ്വനം- പോരാട്ടപ്പാട്ടുകള്‍ | സാമ്രാജ്യത്ത്വ കഴുകന്‍മാര്‍ | Islamic Song","സാമ്രാജ്യത്ത്വ കഴുകന്‍മാര്‍ | യവ്വനം- പോരാട്ടപ്പാട്ടുകള്‍ | സോളിഡാരിറ്റി","Not credited","PLuSA9c_IQs"
"Solidarity Youth Movement","യുവഹൃദയതാളം  | Zia Ul Haq | Faheed Ali | Ameen Karakkunnu | SanDy #YuvaHridayaThalam","യുവഹൃദയതാളം | Voice:  Zia Ul Haq | Lyrics : Ameen Karakkunnu | Music : Faheed Ali | Programming and mix : SanDy | Studio :  Blac n Bron | Design : Muhammed Shafaque, Hannad Hadi | Art & Concept : Faheem PT | Video : Saeed Kodungallur | Creative Team : Faris OK, Aslam Ali | Creative Support  :  Amjad Ali EM, Afeef Hameed | Promo Shoot :  Syed Fahri, Mashhood Kp | മണ്ണിൽ നിന്നോരോ വിത്തു പോലെ | മന്നാന്റെ കാവൽ ചില്ല നീളെ","Zia Ul Haq","1yAA7a2CKmg"
"Solidarity Youth Movement","വിപ്ലവമുദ്ര Solidarity song 1 ഈ നീലമാനത്തിൽ","വിപ്ലവമുദ്ര സോളിഡാരിറ്റി ഗാനങ്ങൾ | Solidarity Youth movement | രചന/ജമീൽ അഹമ്മദ്,ടി. കെ അലി | സംഗീതം/അമീൻ യാസിർ | ആലാപനം/ഷാനവാസ്, സമീർ ബിൻസി, അമീൻ യാസിർ,ഹിക്മത്തുല്ല,അമീൻ യാസിർ | -Video Upload powered by https://www.TunesToTube.com","Not credited","ZxE6Mk-hHsY"
"Solidarity Youth Movement","വിപ്ലവമുദ്ര Solidarity song 2 പുതിയൊരു വിപ്ലവ","വിപ്ലവമുദ്ര സോളിഡാരിറ്റി ഗാനങ്ങൾ | രചന/ജമീൽ അഹമ്മദ്,ടി. കെ അലി | സംഗീതം/അമീൻ യാസിർ | ആലാപനം/ഷാനവാസ്, സമീർ ബിൻസി, അമീൻ യാസിർ,ഹിക്മത്തുല്ല,അമീൻ യാസിർ | -Video Upload powered by https://www.TunesToTube.com","Not credited","Bq2kn-FsyAU"
"Solidarity Youth Movement","വിപ്ലവമുദ്ര Solidarity song 3 പടനിലങ്ങൾ","വിപ്ലവമുദ്ര സോളിഡാരിറ്റി ഗാനങ്ങൾ | രചന/ജമീൽ അഹമ്മദ്,ടി. കെ അലി | സംഗീതം/അമീൻ യാസിർ | ആലാപനം/ഷാനവാസ്, സമീർ ബിൻസി, അമീൻ യാസിർ,ഹിക്മത്തുല്ല,അമീൻ യാസിർ | -Video Upload powered by https://www.TunesToTube.com","Not credited","aaJYhnp2dBQ"
"Solidarity Youth Movement","വിപ്ലവമുദ്ര Solidarity song 4 കണ്ണുനീരിൻ കാലം","വിപ്ലവമുദ്ര സോളിഡാരിറ്റി ഗാനങ്ങൾ | രചന/ജമീൽ അഹമ്മദ്,ടി. കെ അലി | സംഗീതം/അമീൻ യാസിർ | ആലാപനം/ഷാനവാസ്, സമീർ ബിൻസി, അമീൻ യാസിർ,ഹിക്മത്തുല്ല,അമീൻ യാസിർ | -Video Upload powered by https://www.TunesToTube.com","Not credited","bWIT3Cvzkbs"
"Solidarity Youth Movement","വിപ്ലവമുദ്ര Solidarity song 5 വർഗ്ഗപ്പേരിൽ","വിപ്ലവമുദ്ര സോളിഡാരിറ്റി ഗാനങ്ങൾ | രചന/ജമീൽ അഹമ്മദ്,ടി. കെ അലി | സംഗീതം/അമീൻ യാസിർ | ആലാപനം/ഷാനവാസ്, സമീർ ബിൻസി, അമീൻ യാസിർ,ഹിക്മത്തുല്ല,അമീൻ യാസിർ | -Video Upload powered by https://www.TunesToTube.com","Not credited","zk-UgdD7nkE"
"Solidarity Youth Movement","വിപ്ലവമുദ്ര Solidarity song 6 ആദം നബിമുതൽ","വിപ്ലവമുദ്ര സോളിഡാരിറ്റി ഗാനങ്ങൾ | രചന/ജമീൽ അഹമ്മദ്,ടി. കെ അലി | സംഗീതം/അമീൻ യാസിർ | ആലാപനം/ഷാനവാസ്, സമീർ ബിൻസി, അമീൻ യാസിർ,ഹിക്മത്തുല്ല,അമീൻ യാസിർ | -Video Upload powered by https://www.TunesToTube.com","Not credited","UMntHPBPcSs"
"Solidarity Youth Movement","വിപ്ലവമുദ്ര Solidarity song 8 മാറ്റുവിൻ","വിപ്ലവമുദ്ര സോളിഡാരിറ്റി ഗാനങ്ങൾ | രചന/ജമീൽ അഹമ്മദ്,ടി. കെ അലി | സംഗീതം/അമീൻ യാസിർ | ആലാപനം/ഷാനവാസ്, സമീർ ബിൻസി, അമീൻ യാസിർ,ഹിക്മത്തുല്ല,അമീൻ യാസിർ | -Video Upload powered by https://www.TunesToTube.com","Not credited","-QMDJLwpxPI"
"Solidarity Youth Movement","സോളിഡാരിറ്റി കണ്ണൂർ ബഹുഭാഷ കാർണിവൽ  തമിഴ് ഗാനം | കവിൻ മലർ #Song #tamil # solidarity","സോളിഡാരിറ്റി കണ്ണൂർ ബഹുഭാഷ കാർണിവൽ | തമിഴ് ഗാനം | കവിൻ മലർ","Not credited","qt4L4DO8ysQ"
"Jamaat-e-Islami Hind Kerala","A group song by Hanna and her team in JIH kerala women conference at safa nagar kuttipuram","A group song by Hanna and her team in JIH kerala women conference at safa nagar kuttipuram","Not credited","VhOcav4GsRY"
"Jamaat-e-Islami Hind Kerala","A group song by sidarathul munthaha and her team in JIH kerala women conference","A group song by sidarathul munthaha and her team in JIH kerala women conference","Not credited","1jRm3oXbUQ4"
"Jamaat-e-Islami Hind Kerala","A Song by Sidarathul Munthaha in JIH kerala Women Conference at safa nagar","A Song by Sidarathul Munthaha in JIH kerala Women Conference at safa nagar, Kuttipuram.","Not credited","Syn95cxsbLQ"
"Jamaat-e-Islami Hind Kerala","Jih kerala song Name of Leaders","കേരള ജമാഅത്തെ ഇസ്‌ലാമി നേതാക്കളുടെ  പേരുകൾ  കോർത്തിണക്കിയ ഒരു ഗാനം ആദ്യത്തേത് ആയിരിക്കും.👍🏻👍🏻👍🏻 😍 | രചന  റഹ്മാൻ മുന്നൂര് | ആലാപനം നൗഫൽ കുറ്റിക്കാട്ടൂർ","Not credited","Gaa9l0ggn1s"
"Jamaat-e-Islami Hind Kerala","JIH malappuram jilla sammelana gaanam","Ameen yasir and team","Not credited","UIXq25LFFgE"
"Jamaat-e-Islami Hind Kerala","Jih song malappuram DT conference Kottakal 2017","ഹഖായ നാഥന്‍റെ വഴിയില്... | നല്ല ഐക്യത്തില്‍ ഒരുമിച്ച് നമ്മള് ... | ഇസ്ലാമില്‍ സേവനം ചെയ്യ്ണ്... | ഏറ്റം ഇസ്സത്തിലീ കേരളത്തില്... | പല വീട്ടിലാണ് പിറന്നത്.... | പല മട്ടിലാണ് വളര്‍ന്നത്... | എന്നാലും ഒന്നാണ് നമ്മള്... | നല്ല ഇമ്പത്തിലീ കുടുംബത്തില്...🎼 | ജമാഅത്തെ ഇസ്‌ലാമി മലപ്പുറം | ജില്ലാ സമ്മേളനം | ഫെബ്രുവരി 11 ശനി | പുത്തൂര്‍, കോട്ടക്കല്‍","Not credited","5yUhsZrDlps"
"Jamaat-e-Islami Hind Kerala","Jih song ഇസ്ലാമിക പ്രസ്ഥാനത്തിന്റെ നാൾ വഴികളിലൂടെ hakkaya Nadante islamic song","ഹഖായ നാഥന്‍റെ വഴിയില്... | നല്ല ഐക്യത്തില്‍ ഒരുമിച്ച് നമ്മള് ... | ഇസ്ലാമില്‍ സേവനം ചെയ്യ്ണ്... | ഏറ്റം ഇസ്സത്തിലീ കേരളത്തില്... | പല വീട്ടിലാണ് പിറന്നത്.... | പല മട്ടിലാണ് വളര്‍ന്നത്... | എന്നാലും ഒന്നാണ് നമ്മള്... | നല്ല ഇമ്പത്തിലീ കുടുംബത്തില്...🎼","Not credited","Y3t0fM2Z8eo"
"Jamaat-e-Islami Hind Kerala","prashanthipokum jih District conference song","-Video Upload powered by https://www.TunesToTube.com","Not credited","QnaiEI5oqVw"
"Jamaat-e-Islami Hind Kerala","ഇസ് ലാം സന്തുലിതം (ഗാനം )","ഇസ് ലാം സന്തുലിതം (ഗാനം )","Not credited","inT7BDYma38"
"Jamaat-e-Islami Hind Kerala","ഇസ്ലാം സന്തുലിതം | Jih Kerala song ""ഇസ്‌ലാംസന്തുലിതമാണ്""","ഇസ്ലാം സന്തുലിതം | JIH Kerala | Jamaath islami District conference","Not credited","HftR4X8pSxI"
"Jamaat-e-Islami Hind Kerala","ഇസ്ലാം സന്തുലിതം | JIH Song | malappuram district conference","വരികൾ : ഡോ.അജ്മൽ മമ്പാട് | സംഗീതം : അമീൻ യാസിർ | ആലാപനം: അമീൻ യാസിർ & ടീം | ജമാഅത്തെ ഇസ്‌ലാമി മലപ്പുറം | ജില്ലാ സമ്മേളനം | Song | ഫെബ്രുവരി 11 ശനി | പുത്തൂര്‍, കോട്ടക്കല്‍","അമീൻ യാസിർ & ടീം","wfdb0i_0-Zs"
"Jamaat-e-Islami Hind Kerala","താരഗണങ്ങൾക്കപ്പുറം പോരാട്ടവീറിന്റെ പെണ്ണിടം | Lyric Video Song | GIO Kerala | Sidhrathul Munthaha","താരഗണങ്ങൾക്കപ്പുറം പോരാട്ടവീറിന്റെ പെണ്ണിടം | ജി.ഐ.ഒ കേരള പുറത്തിറക്കിയ ഗാനം | Music Video By GIO Kerala | Lyrics : Ameen Karakkunnu | Music : Muhsin Kurikkal | Singer : Dr. Sidhrathul Munthaha | GIO was established on March 5 1984. It functions under the supervision of JIH. Gio releases the potential of womenfolk in moulding the society's future. And also intends to uplift the girls and enhance their power of action and reaction. | GIO releases that it is from the girls themselves that the voices for safety and security should wise. | Being a group that works among girls GIO has to make its member realize their space in their families as well as society. Girls should have the courage to shoulder the responsibility of handing over the message of truth to the posterities.","Dr. Sidhrathul Munthaha","BiLtFHcg6Ys"
"Jamaat-e-Islami Hind Kerala","പ്രശാന്തി പൂക്കും മധുമലര്‍... (ഗാനം)","പ്രശാന്തി പൂക്കും മധുമലര്‍... (ഗാനം)","Not credited","W-Yu8VgPduY"
"Jamaat-e-Islami Hind Kerala","സൗഹൃദ കേരളം പെൺകൂട്ടായ്മ | Theme Song | Sidrathul Munthaha | JIH Womens Wing Kerala","സൗഹൃദ കേരളം പെൺകൂട്ടായ്മ | Theme Song | Sidrathul Munthaha | JIH Womens Wing Kerala | Lyrics : @zainabchavakkad3171 | Vocal and Composing : @SidrathulMunthaha | Music Production: Bayanuzzaman (Brook Studios) | Mixing & Mastering: Bayanuzzaman | Recording : Melodia Pro Studio | Video: Badeeuzaman | Creative support: D4Media","Not credited","s6Jmc0uo5rM"
"Jamaat-e-Islami Hind Kerala","ഹഖായ നാഥന്റെ വഴിയില്‍..  (ഗാനം) / റഹ് മാന്‍ മുന്നൂര്‌","ഹഖായ നാഥന്റെ വഴിയില്‍..  (ഗാനം) / റഹ് മാന്‍ മുന്നൂര്‌","Not credited","rLTI6Fx9OU4"
"D4 Media","1 ആണായൊരു കുഞ്ഞന്‍","മൂസാ നബിയും ഫിര്‍ഔനും | രചന:യു.കെ അബൂസഹ്‌ല | സംഗീതം:ചാന്ദ്പാഷ | ആവിഷ്‌കാരം:എസ്.ഐ.ഒ സംവേദന വേദി","Not credited","mnZpb9kxhHY"
"D4 Media","1- ഇനി മിഴിതുറക്കുന്നു നമ്മള്‍","മിഴി തുറക്കുന്നു (ഗാനങ്ങള്‍) | പാട്ടെഴുത്ത്: | 1- ജമീല്‍ അഹ്മദ് | 2- അമീന്‍ കാരക്കുന്ന് | 3- റഹ്മാന്‍ മുന്നൂര് | 4- ഹിക്മത്തുല്ല | 5- ടി.ഉബൈദ് | 6- യു.കെ അബുസഹ്‌ല | 7- ഫൈസല്‍ കൊച്ചി | 8- സൈനബ് ഉമ്മു സാബിത് | സംഗീതം: അമീന്‍ യാസിര്‍ | ആലാപനം: | ശാന്തി 1, 8 | സുരേഷ് ചെറുകോട് 2","Not credited","Wtd6GejGgqY"
"D4 Media","10 ജനമൊഴിയാന്‍ അവര്‍ തിരക്കി","മൂസാ നബിയും ഫിര്‍ഔനും | രചന:യു.കെ അബൂസഹ്‌ല | സംഗീതം:ചാന്ദ്പാഷ","Not credited","oOtLschNNcs"
"D4 Media","11 ആസിയാ ബീവിക്കു ആശ്വാസമായി","മൂസാ നബിയും ഫിര്‍ഔനും | രചന:യു.കെ അബൂസഹ്‌ല | സംഗീതം:ചാന്ദ്പാഷ","Not credited","xVdoOz_WpK8"
"D4 Media","12 ഇറങ്ങി മിസിറെങ്ങും","മൂസാ നബിയും ഫിര്‍ഔനും | രചന:യു.കെ അബൂസഹ്‌ല | സംഗീതം:ചാന്ദ്പാഷ","Not credited","8kLbo9NK3Xk"
"D4 Media","13 ഘാതകനാരാണെന്നും അറിഞ്ഞുപോയ്","മൂസാ നബിയും ഫിര്‍ഔനും | രചന:യു.കെ അബൂസഹ്‌ല | സംഗീതം:ചാന്ദ്പാഷ","Not credited","oOFRLJdXOus"
"D4 Media","14 എന്തെന്നില്ലാത്ത പേടി കടന്നത്","മൂസാ നബിയും ഫിര്‍ഔനും | രചന:യു.കെ അബൂസഹ്‌ല | സംഗീതം:ചാന്ദ്പാഷ","Not credited","UWJGXzb6520"
"D4 Media","15 പൊന്നതിതിയാമിയാല്‍ വിശ്വസ്തനാണ്","മൂസാ നബിയും ഫിര്‍ഔനും | രചന:യു.കെ അബൂസഹ്‌ല | സംഗീതം:ചാന്ദ്പാഷ","Not credited","TPkKai9EA_I"
"D4 Media","16 അധിഭയമാല്‍ വദനവും വാടി","മൂസാ നബിയും ഫിര്‍ഔനും | രചന:യു.കെ അബൂസഹ്‌ല | സംഗീതം:ചാന്ദ്പാഷ","Not credited","aMcaSF85dR4"
"D4 Media","17 വിവരമറിഞ്ഞിടുന്നതിനായി","മൂസാ നബിയും ഫിര്‍ഔനും | രചന:യു.കെ അബൂസഹ്‌ല | സംഗീതം:ചാന്ദ്പാഷ","Not credited","x7N1NhsSAeY"
"D4 Media","18 അടുത്തപ്പോള്‍ നിലത്തല്ല തീ","മൂസാ നബിയും ഫിര്‍ഔനും | രചന:യു.കെ അബൂസഹ്‌ല | സംഗീതം:ചാന്ദ്പാഷ","Not credited","BLSyM_4kFpA"
"D4 Media","2 ശരണം മഹാരാജാവേ","മൂസാ നബിയും ഫിര്‍ഔനും | രചന:യു.കെ അബൂസഹ്‌ല | സംഗീതം:ചാന്ദ്പാഷ","Not credited","ZTc-6S3eB68"
"D4 Media","2- നന്മപൂക്കും","മിഴി തുറക്കുന്നു (ഗാനങ്ങള്‍) | പാട്ടെഴുത്ത്: | 1- ജമീല്‍ അഹ്മദ് | 2- അമീന്‍ കാരക്കുന്ന് | 3- റഹ്മാന്‍ മുന്നൂര് | 4- ഹിക്മത്തുല്ല | 5- ടി.ഉബൈദ് | 6- യു.കെ അബുസഹ്‌ല | 7- ഫൈസല്‍ കൊച്ചി | 8- സൈനബ് ഉമ്മു സാബിത് | സംഗീതം: അമീന്‍ യാസിര്‍ | ആലാപനം: | ശാന്തി 1, 8 | സുരേഷ് ചെറുകോട് 2","Not credited","IYLGc748nhI"
"D4 Media","20 നിങ്ങള്‍ക്കിടയിന്ന് നിയോഗിതരാ","മൂസാ നബിയും ഫിര്‍ഔനും | രചന:യു.കെ അബൂസഹ്‌ല | സംഗീതം:ചാന്ദ്പാഷ","Not credited","oMgkQMHVInQ"
"D4 Media","21 ശൂരരായി മൂസയും ഹാറൂനും","മൂസാ നബിയും ഫിര്‍ഔനും | രചന:യു.കെ അബൂസഹ്‌ല | സംഗീതം:ചാന്ദ്പാഷ","Not credited","mx1Tl2hbK4U"
"D4 Media","22 അതിന്‍ ശേഷം ഇലാഹെന്നെ","മൂസാ നബിയും ഫിര്‍ഔനും | രചന:യു.കെ അബൂസഹ്‌ല | സംഗീതം:ചാന്ദ്പാഷ","Not credited","nebprLsBJtw"
"D4 Media","23 കാട്ടിയ കയ്യും വടിയും","മൂസാ നബിയും ഫിര്‍ഔനും | രചന:യു.കെ അബൂസഹ്‌ല | സംഗീതം:ചാന്ദ്പാഷ","Not credited","Jq1W_a66Gkk"
"D4 Media","24 നെടും മൈതാനം എങ്ങും","മൂസാ നബിയും ഫിര്‍ഔനും | രചന:യു.കെ അബൂസഹ്‌ല | സംഗീതം:ചാന്ദ്പാഷ","Not credited","MmjFyMtYWRA"
"D4 Media","25 വടിയ്യിടാനുടയവന്‍ അരുള്‍","മൂസാ നബിയും ഫിര്‍ഔനും | രചന:യു.കെ അബൂസഹ്‌ല | സംഗീതം:ചാന്ദ്പാഷ","Not credited","bb1UU2vVQSI"
"D4 Media","26 ആസിയ ബീവിയും സംഗതി","മൂസാ നബിയും ഫിര്‍ഔനും | രചന:യു.കെ അബൂസഹ്‌ല | സംഗീതം:ചാന്ദ്പാഷ","Not credited","ALonFgXWsEA"
"D4 Media","27 ജീവന്‍ ചതഞ്ഞു പിടഞ്ഞു","മൂസാ നബിയും ഫിര്‍ഔനും | രചന:യു.കെ അബൂസഹ്‌ല | സംഗീതം:ചാന്ദ്പാഷ","Not credited","RAgyYt9bFTc"
"D4 Media","28 നാടിന്റെ താളം പിഴക്ക്ണ്","മൂസാ നബിയും ഫിര്‍ഔനും | രചന:യു.കെ അബൂസഹ്‌ല | സംഗീതം:ചാന്ദ്പാഷ","Not credited","4ceeEAU3p7U"
"D4 Media","29 സത്യവിശ്വാസിയായൊരാള്‍","മൂസാ നബിയും ഫിര്‍ഔനും | രചന:യു.കെ അബൂസഹ്‌ല | സംഗീതം:ചാന്ദ്പാഷ","Not credited","qPYLZcM2jCQ"
"D4 Media","3 ഫറോവ ലോകനാഥനെ മറന്നു","മൂസാ നബിയും ഫിര്‍ഔനും | രചന:യു.കെ അബൂസഹ്‌ല | സംഗീതം:ചാന്ദ്പാഷ","Not credited","XNDL4A_tLzY"
"D4 Media","3- ഒരു മനുഷ്യായുസ്സ്","മിഴി തുറക്കുന്നു (ഗാനങ്ങള്‍) | പാട്ടെഴുത്ത്: | 1- ജമീല്‍ അഹ്മദ് | 2- അമീന്‍ കാരക്കുന്ന് | 3- റഹ്മാന്‍ മുന്നൂര് | 4- ഹിക്മത്തുല്ല | 5- ടി.ഉബൈദ് | 6- യു.കെ അബുസഹ്‌ല | 7- ഫൈസല്‍ കൊച്ചി | 8- സൈനബ് ഉമ്മു സാബിത് | സംഗീതം: അമീന്‍ യാസിര്‍ | ആലാപനം: | ശാന്തി 1, 8 | സുരേഷ് ചെറുകോട് 2","Not credited","KB9zD-2Ljlw"
"D4 Media","30 മൂസാ നമുക്കൊരു","മൂസാ നബിയും ഫിര്‍ഔനും | രചന:യു.കെ അബൂസഹ്‌ല | സംഗീതം:ചാന്ദ്പാഷ","Not credited","WDRIUdKTwXw"
"D4 Media","31 ധിക്കാരി ഫിര്‍ഔനവന്റെ","മൂസാ നബിയും ഫിര്‍ഔനും | രചന:യു.കെ അബൂസഹ്‌ല | സംഗീതം:ചാന്ദ്പാഷ","Not credited","fabq9ht1NGI"
"D4 Media","32 എണ്ണിത്തന്നിട്ടുള്ളവയഞ്ചില്‍","മൂസാ നബിയും ഫിര്‍ഔനും | രചന:യു.കെ അബൂസഹ്‌ല | സംഗീതം:ചാന്ദ്പാഷ","Not credited","7jntUq6ZLFY"
"D4 Media","33 ഇസ്‌റായേല്‍ സന്താനമേറെനാളായി","മൂസാ നബിയും ഫിര്‍ഔനും | രചന:യു.കെ അബൂസഹ്‌ല | സംഗീതം:ചാന്ദ്പാഷ","Not credited","BFDfk-QEkfY"
"D4 Media","4 ആലമതില്‍തന്നെ","മൂസാ നബിയും ഫിര്‍ഔനും | രചന:യു.കെ അബൂസഹ്‌ല | സംഗീതം:ചാന്ദ്പാഷ","Not credited","VxyQK4ZYXR4"
"D4 Media","4- കടലുണങ്ങും","മിഴി തുറക്കുന്നു (ഗാനങ്ങള്‍) | പാട്ടെഴുത്ത്: | 1- ജമീല്‍ അഹ്മദ് | 2- അമീന്‍ കാരക്കുന്ന് | 3- റഹ്മാന്‍ മുന്നൂര് | 4- ഹിക്മത്തുല്ല | 5- ടി.ഉബൈദ് | 6- യു.കെ അബുസഹ്‌ല | 7- ഫൈസല്‍ കൊച്ചി | 8- സൈനബ് ഉമ്മു സാബിത് | സംഗീതം: അമീന്‍ യാസിര്‍ | ആലാപനം: | ശാന്തി 1, 8 | സുരേഷ് ചെറുകോട് 2","Not credited","_Urzz4-ywnA"
"D4 Media","5 പൊറുതികെടരുത്","മൂസാ നബിയും ഫിര്‍ഔനും | രചന:യു.കെ അബൂസഹ്‌ല | സംഗീതം:ചാന്ദ്പാഷ","Not credited","WlxOrT757Aw"
"D4 Media","5- ജയിച്ചിടുന്നിതു","മിഴി തുറക്കുന്നു (ഗാനങ്ങള്‍) | പാട്ടെഴുത്ത്: | 1- ജമീല്‍ അഹ്മദ് | 2- അമീന്‍ കാരക്കുന്ന് | 3- റഹ്മാന്‍ മുന്നൂര് | 4- ഹിക്മത്തുല്ല | 5- ടി.ഉബൈദ് | 6- യു.കെ അബുസഹ്‌ല | 7- ഫൈസല്‍ കൊച്ചി | 8- സൈനബ് ഉമ്മു സാബിത് | സംഗീതം: അമീന്‍ യാസിര്‍ | ആലാപനം: | ശാന്തി 1, 8 | സുരേഷ് ചെറുകോട് 2","Not credited","4v0v26ZP2xM"
"D4 Media","6 യുകബതിന്നു രാജകല്‍പ്പന","മൂസാ നബിയും ഫിര്‍ഔനും | രചന:യു.കെ അബൂസഹ്‌ല | സംഗീതം:ചാന്ദ്പാഷ","Not credited","Pwj8_5ouAwA"
"D4 Media","6- താമരപ്പൂവതിന്‍","മിഴി തുറക്കുന്നു (ഗാനങ്ങള്‍) | പാട്ടെഴുത്ത്: | 1- ജമീല്‍ അഹ്മദ് | 2- അമീന്‍ കാരക്കുന്ന് | 3- റഹ്മാന്‍ മുന്നൂര് | 4- ഹിക്മത്തുല്ല | 5- ടി.ഉബൈദ് | 6- യു.കെ അബുസഹ്‌ല | 7- ഫൈസല്‍ കൊച്ചി | 8- സൈനബ് ഉമ്മു സാബിത് | സംഗീതം: അമീന്‍ യാസിര്‍ | ആലാപനം: | ശാന്തി 1, 8 | സുരേഷ് ചെറുകോട് 2","Not credited","n3OZVHcl0oo"
"D4 Media","7 കാണുവാനാളുകള്‍ വന്നാനെ","മൂസാ നബിയും ഫിര്‍ഔനും | രചന:യു.കെ അബൂസഹ്‌ല | സംഗീതം:ചാന്ദ്പാഷ","Not credited","gyQvxvgF5ns"
"D4 Media","7- നിലാവ് മൊഴിഞ്ഞു","മിഴി തുറക്കുന്നു (ഗാനങ്ങള്‍) | പാട്ടെഴുത്ത്: | 1- ജമീല്‍ അഹ്മദ് | 2- അമീന്‍ കാരക്കുന്ന് | 3- റഹ്മാന്‍ മുന്നൂര് | 4- ഹിക്മത്തുല്ല | 5- ടി.ഉബൈദ് | 6- യു.കെ അബുസഹ്‌ല | 7- ഫൈസല്‍ കൊച്ചി | 8- സൈനബ് ഉമ്മു സാബിത് | സംഗീതം: അമീന്‍ യാസിര്‍ | ആലാപനം: | ശാന്തി 1, 8 | സുരേഷ് ചെറുകോട് 2","Not credited","4BU-RmNL7QE"
"D4 Media","8 കുട്ടിയെ നീരിലൊഴുക്കിയ","മൂസാ നബിയും ഫിര്‍ഔനും | രചന:യു.കെ അബൂസഹ്‌ല | സംഗീതം:ചാന്ദ്പാഷ","Not credited","kR7ltKAwtG0"
"D4 Media","8- ആരോമലേ","മിഴി തുറക്കുന്നു (ഗാനങ്ങള്‍) | പാട്ടെഴുത്ത്: | 1- ജമീല്‍ അഹ്മദ് | 2- അമീന്‍ കാരക്കുന്ന് | 3- റഹ്മാന്‍ മുന്നൂര് | 4- ഹിക്മത്തുല്ല | 5- ടി.ഉബൈദ് | 6- യു.കെ അബുസഹ്‌ല | 7- ഫൈസല്‍ കൊച്ചി | 8- സൈനബ് ഉമ്മു സാബിത് | സംഗീതം: അമീന്‍ യാസിര്‍ | ആലാപനം: | ശാന്തി 1, 8 | സുരേഷ് ചെറുകോട് 2","Not credited","362UYDDSvro"
"D4 Media","9 യുവതി പറഞ്ഞ വിവരത്തില്‍","മൂസാ നബിയും ഫിര്‍ഔനും | രചന:യു.കെ അബൂസഹ്‌ല | സംഗീതം:ചാന്ദ്പാഷ","Not credited","8JtFWRoUtB0"
"D4 Media","Aattal Nabiyod | Hira Ganangal | D4media","Aattal Nabiyod | Hira Ganangal | D4media | ആറ്റൽ നബിയോട് | ഹിറാ ഗാനങ്ങൾ | ഡിഫോർ മീഡിയ","Not credited","EcD-ZGx1DCo"
"D4 Media","Cheruppam Thotte | Hijaz | D4media","Cheruppam Thotte | Hijaz | Music: Chand Pasha | Singers: Shareef Cochin, Shahanas, Jamal Pasha | ചെറുപ്പം തൊട്ടേ | ഹിജാസ് | സംഗീതം:ചാന്ദ് പാഷ | ആലാപനം: ശരീഫ് കൊച്ചിൻ, ഷഹനാസ്, ജമാൽ പാഷ | © D4media","Shareef Cochin, Shahanas, Jamal Pasha","z3r6STkzn1A"
"D4 Media","Chudu Manalkattil | Hira Ganangal | D4media","Chudu Manalkattil | Hira Ganangal | D4media | ചുടു മണൽക്കാട്ടിൽ | ഹിറാ ഗാനങ്ങൾ | ഡിഫോർ മീഡിയ","Not credited","-XXnE6XePF0"
"D4 Media","Eenthathanalil | Hijaz | D4media","Eenthathanalil | Hijaz | Music: Chand Pasha | Singers: Shareef Cochin, Shahanas, Jamal Pasha | ഈന്തത്തണലിൽ | ഹിജാസ് | സംഗീതം:ചാന്ദ് പാഷ | ആലാപനം: ശരീഫ് കൊച്ചിൻ, ഷഹനാസ്, ജമാൽ പാഷ | © D4media","Shareef Cochin, Shahanas, Jamal Pasha","0NTdx0kw444"
"D4 Media","Hijaze Nee Karayoo | Hijaz | D4media","Hijaze Nee Karayoo | Hijaz | Music: Chand Pasha | Singers: Shareef Cochin, Shahanas, Jamal Pasha | ഹിജാസേ നീ കരയൂ | ഹിജാസ് | സംഗീതം:ചാന്ദ് പാഷ | ആലാപനം: ശരീഫ് കൊച്ചിൻ, ഷഹനാസ്, ജമാൽ പാഷ | © D4media","Shareef Cochin, Shahanas, Jamal Pasha","3TosWp6y4NE"
"D4 Media","Irul Niranja Vazhivakkil | Hijaz | D4media","Irul Niranja Vazhivakkil | Hijaz | Music: Chand Pasha | Singers: Shareef Cochin, Shahanas, Jamal Pasha | ഇരുള് നിറഞ്ഞ വഴിവക്കിൽ | ഹിജാസ് | സംഗീതം:ചാന്ദ് പാഷ | ആലാപനം: ശരീഫ് കൊച്ചിൻ, ഷഹനാസ്, ജമാൽ പാഷ | © D4media","Shareef Cochin, Shahanas, Jamal Pasha","pX4N9SwKjlA"
"D4 Media","Iruladanja Duniyavil | Hijaz | D4media","Iruladanja Duniyavil | Hijaz | Music: Chand Pasha | Singers: Shareef Cochin, Shahanas, Jamal Pasha | ഇരുളടഞ്ഞ ദുനിയാവിൽ | ഹിജാസ് | സംഗീതം:ചാന്ദ് പാഷ | ആലാപനം: ശരീഫ് കൊച്ചിൻ, ഷഹനാസ്, ജമാൽ പാഷ | © D4media","Shareef Cochin, Shahanas, Jamal Pasha","7K2WmmOZp_0"
"D4 Media","Makka Shareefenna Naattilannu | Hira Ganangal | D4media","Makka Shareefenna Naattilannu | Hira Ganangal | D4media | മക്കാ ശരീഫെന്ന നാട്ടിലെന്ന് | ഹിറാ ഗാനങ്ങൾ | ഡിഫോർ മീഡിയ","Not credited","zep0deeuwN0"
"D4 Media","Orikkal Nee Marikkum | Hira Ganangal | D4media","Orikkal Nee Marikkum | Hira Ganangal | D4media | ഒരിക്കൽ നീ മരിക്കും | ഹിറാ ഗാനങ്ങൾ | ഡിഫോർ മീഡിയ","Not credited","lrpk9dHc794"
"D4 Media","Paathiraykku Pettunov | Hira Ganangal | D4media","Paathiraykku Pettunov | Hira Ganangal | D4media | പാതിരാക്ക് പേറ്റുനോവ് | ഹിറാ ഗാനങ്ങൾ | ഡിഫോർ മീഡിയ","Not credited","-bzSN41atvU"
"D4 Media","Pooja Pattukalalla | Hira Ganangal | D4media","Pooja Pattukalalla | Hira Ganangal | D4media | പൂജാ പാട്ടുകളല്ല | ഹിറാ ഗാനങ്ങൾ | ഡിഫോർ മീഡിയ","Not credited","6wB6kH301wg"
"D4 Media","Prapancha Naadha | Hira Ganangal | D4media","Prapancha Naadha | Hira Ganangal | D4media | പ്രപഞ്ച നാഥാ | ഹിറാ ഗാനങ്ങൾ | ഡിഫോർ മീഡിയ","Not credited","RGPVcA52_cg"
"D4 Media","Snehathin | Hijaz | D4media","Snehathin | Hijaz | Music: Chand Pasha | Singers: Shareef Cochin, Shahanas, Jamal Pasha | സ്നേഹത്തിൻ | ഹിജാസ് | സംഗീതം:ചാന്ദ് പാഷ | ആലാപനം: ശരീഫ് കൊച്ചിൻ, ഷഹനാസ്, ജമാൽ പാഷ | © D4media","Shareef Cochin, Shahanas, Jamal Pasha","JCQ3Y9I6lPE"
"D4 Media","Uppakku Omana | Hijaz | D4media","Uppakku Omana | Hijaz | Music: Chand Pasha | Singers: Shareef Cochin, Shahanas, Jamal Pasha | ഉപ്പാക്ക് ഓമന | ഹിജാസ് | സംഗീതം:ചാന്ദ് പാഷ | ആലാപനം: ശരീഫ് കൊച്ചിൻ, ഷഹനാസ്, ജമാൽ പാഷ | © D4media","Shareef Cochin, Shahanas, Jamal Pasha","sbQc5XXMX34"
"D4 Media","Varikayay | Hira Ganangal | D4media","Varikayay | Hira Ganangal | D4media | വരികയായ് | ഹിറാ ഗാനങ്ങൾ | ഡിഫോർ മീഡിയ | കേൾക്കാം ഇസ്‌ലാമിക ഗാനങ്ങൾ | ആൽബങ്ങൾ | 1. ഒരുമിക്കാം ഒത്തുകളിക്കാം.. ബാലോത്സവ ഗാനങ്ങള്‍ | 2. യവ്വനം- പോരാട്ടപ്പാട്ടുകള്‍ | 3. അബതാഹ്‌ | 4. മിഴിപ്പൂക്കൾ | 5. ഹിജാസ് | 6. ഹിറാ ഗാനങ്ങൾ","Not credited","fdzOq0jzvfc"
"D4 Media","Velka Velka Hira Hira | Hira Ganangal | D4media","Velka Velka Hira Hira | Hira Ganangal | D4media | വെൽക വെൽക ഹിറാ ഹിറാ | ഹിറാ ഗാനങ്ങൾ | ഡിഫോർ മീഡിയ","Not credited","8uBZejLv5os"
"D4 Media","അന ലസ്തു | Ana Lasthu | Abathaah | Islamic Song","അന ലസ്തു | അബതാഹ്‌ | സംഗീതം: ചാന്ദ് പാഷ | ആലാപനം: ശരീഫ് കൊച്ചിൻ, രഹ്ന, മുഹമ്മദ് കുട്ടി | Ana Lasthu | Abathaah | Composing: Chand Pasha | Singers: Shereef Cochin, Rahna, Muhammad Kutty | © D4media","ശരീഫ് കൊച്ചിൻ, രഹ്ന, മുഹമ്മദ് കുട്ടി","YEm8VIJp5Os"
"D4 Media","അന ലാ ഉരീദു | Ana Laa Ureedu | Abathaah | Islamic Song","അന ലാ ഉരീദു | അബതാഹ്‌ | സംഗീതം: ചാന്ദ് പാഷ | ആലാപനം: ശരീഫ് കൊച്ചിൻ, രഹ്ന, മുഹമ്മദ് കുട്ടി | Ana La Ureedu | Abathaah | Composing: Chand Pasha | Singers: Shereef Cochin, Rahna, Muhammad Kutty | © D4media","ശരീഫ് കൊച്ചിൻ, രഹ്ന, മുഹമ്മദ് കുട്ടി","cas9c10lDik"
"D4 Media","അബതാഹ്‌ | Abathaah | Islamic Song","അബതാഹ്‌ | സംഗീതം: ചാന്ദ് പാഷ | ആലാപനം: ശരീഫ് കൊച്ചിൻ, രഹ്ന, മുഹമ്മദ് കുട്ടി | Abathaah | Composing: Chand Pasha | Singers: Shereef Cochin, Rahna, Muhammad Kutty | © D4media","ശരീഫ് കൊച്ചിൻ, രഹ്ന, മുഹമ്മദ് കുട്ടി","u5KMf7kddkE"
"D4 Media","അറിവിനായുധം  കൊതിക്കും... ജമീല്‍ അഹ്മദ് /ഷാനവാസ്‌","അറിവിനായുധം  കൊതിക്കും... ജമീല്‍ അഹ്മദ് /ഷാനവാസ്‌","Not credited","LfvmNnx2Ld0"
"D4 Media","ആകാശത്ത് |  ഒരുമിക്കാം ഒത്തുകളിക്കാം | ബാലോത്സവ ഗാനങ്ങള്‍ | Malarvadi Balasangam","ആകാശത്ത്..... | ഒരുമിക്കാം ഒത്തുകളിക്കാം | ബാലോത്സവ ഗാനങ്ങള്‍ | Orumikam Othukalikam | Malarvadi Balasangam | കേൾക്കാം ഇസ്‌ലാമിക ഗാനങ്ങൾ | ആൽബങ്ങൾ | 1. ഒരുമിക്കാം ഒത്തുകളിക്കാം.. ബാലോത്സവ ഗാനങ്ങള്‍ | 2. യവ്വനം- പോരാട്ടപ്പാട്ടുകള്‍ | 3. അബതാഹ്‌ | 4. മിഴിപ്പൂക്കൾ | 5. ഹിജാസ് | 6. ഹിറാ ഗാനങ്ങൾ | 7. കുട്ടികള്‍ക്കുള്ള അല്ലാഹുവിന്റെ പാഠങ്ങള്‍ | 8 ആദം - കുട്ടികള്‍ക്കായുള്ള അറിവിന്റെ പാട്ടുകള്‍ | 9. വിദ്യാര്‍ഥികളുടെ പടയും പാട്ടും","Not credited","q0-U0pjWH_g"
"D4 Media","ഇന്ന് ഇസ്‌ലാമിന്റെ /ഹുസ്‌ന","മിന്നാമിനുങ്ങ് | രചന: യു.കെ അബൂസഹ് ല | സംഗീതം: സമീര്‍ ബിന്‍സി, അക്ബര്‍ മലപ്പുറം | ആവിഷ്‌കാരം: എസ്.ഐ.ഒ സംവേദന വേദി | പാടിയത് : ഹുസ്‌ന","ഹുസ്‌ന","gK3tq8WQ1tY"
"D4 Media","ഇസ് ലാം സന്തുലിതം (ഗാനം )","ഇസ് ലാം സന്തുലിതം (ഗാനം )","Not credited","inT7BDYma38"
"D4 Media","ഇസ് ലാം സന്തുലിതമാണ്- ഗാനം","ഇസ് ലാം സന്തുലിതമാണ്- ഗാനം","Not credited","iokwSXMBeZQ"
"D4 Media","ഇസ്‌ലാം പ്രകൃതിയിലേറ്റവുമുന്നതം | Lyric Video | Theme Song | ഇസ്‌ലാം ആശയ സംവാദത്തിന്റെ സൗഹൃദ നാളുകൾ","ഇസ്‌ലാം പ്രകൃതിയിലേറ്റവുമുന്നതം | Lyric Video | Theme Song | ഇസ്‌ലാം ആശയ സംവാദത്തിന്റെ സൗഹൃദ നാളുകൾ | LYRIC- AJMAL MAMPAD | MUSIC, SINGER- AMEEN YASIR | CHORUS- ABOOBAKER KARUVARAKUND, RAFEEQ PANTHALINGAL, SHAFEEK PANTHALINGAL, ANAS EDAVANNA | ART- THAMANNA SITHARA | VIDEO- SAEED KODUNGALLUR | CREATIVE SUPPORT- D4 MEDIA","Not credited","DtfE7DZAH5U"
"D4 Media","എത്ര വന്‍മലകളില്‍... ഹിക്മത്തുല്ല/ ശരീഫ് കൊച്ചിന്‍","എത്ര വന്‍മലകളില്‍... ഹിക്മത്തുല്ല/ ശരീഫ് കൊച്ചിന്‍","Not credited","-5tREcPwYw0"
"D4 Media","എന്തും ആവുന്നതിരിക്കട്ടെ/ സമീര്‍ ബിന്‍സി, ഷാനവാസ്‌","മിന്നാമിനുങ്ങ് | രചന: യു.കെ അബൂസഹ് ല | സംഗീതം: സമീര്‍ ബിന്‍സി, അക്ബര്‍ മലപ്പുറം | ആവിഷ്‌കാരം: എസ്.ഐ.ഒ സംവേദന വേദി | പാടിയത് : സമീര്‍ ബിന്‍സി, ഷാനവാസ്‌","സമീര്‍ ബിന്‍സി, ഷാനവാസ്‌","OBpqGILzSWY"
"D4 Media","എന്നോ മന്നില്‍ പിറന്ന് /സമീര്‍ ബിന്‍സി","മിന്നാമിനുങ്ങ് | രചന: യു.കെ അബൂസഹ് ല | സംഗീതം: സമീര്‍ ബിന്‍സി, അക്ബര്‍ മലപ്പുറം | ആവിഷ്‌കാരം: എസ്.ഐ.ഒ സംവേദന വേദി | പാടിയത് : സമീര്‍ ബിന്‍സി","സമീര്‍ ബിന്‍സി","owCclLY7uhM"
"D4 Media","എന്റെ പ്രാണദീപനാളം | Ente Praana Deepanaalam | Mizhippookkal | Islamic Song","എന്റെ പ്രാണദീപനാളം | മിഴിപ്പൂക്കൾ | രചന: പി.കെ ഗോപി | സംവിധാനം: ചാന്ദ് പാഷ | ആലാപനം: മധു ബാലകൃഷ്ണൻ, ശരീഫ് കൊച്ചിൻ, | ചങ്ങന്നൂർ ശ്രീകുമാർ, സിബെല്ല, രഹ്‌ന, പ്രകാശൻ മണ്ണൂർ | Ente Praana Deepanaalam | Mizhippookkal | Composer: P.K Gopi | Direction: Chand Pasha | Singers: Madhu Balakrishnan, Shereef Cochin, | Changannoor Sreekumar, Cibella, Rahna, Prakashan Mannoor | © D4media","മധു ബാലകൃഷ്ണൻ, ശരീഫ് കൊച്ചിൻ,","v13oE-_9ZOY"
"D4 Media","ഒന്നിച്ചൊന്നായ് | ഒരുമിക്കാം ഒത്തുകളിക്കാം | ബാലോത്സവ ഗാനങ്ങള്‍ | Malarvadi Balasangam","ഒന്നിച്ചൊന്നായ്... | ഒരുമിക്കാം ഒത്തുകളിക്കാം | ബാലോത്സവ ഗാനങ്ങള്‍ | Orumikam Othukalikam | Malarvadi Balasangam | കേൾക്കാം ഇസ്‌ലാമിക ഗാനങ്ങൾ | ആൽബങ്ങൾ | 1. ഒരുമിക്കാം ഒത്തുകളിക്കാം.. ബാലോത്സവ ഗാനങ്ങള്‍ | 2. യവ്വനം- പോരാട്ടപ്പാട്ടുകള്‍ | 3. അബതാഹ്‌ | 4. മിഴിപ്പൂക്കൾ | 5. ഹിജാസ് | 6. ഹിറാ ഗാനങ്ങൾ | 7. കുട്ടികള്‍ക്കുള്ള അല്ലാഹുവിന്റെ പാഠങ്ങള്‍ | 8 ആദം - കുട്ടികള്‍ക്കായുള്ള അറിവിന്റെ പാട്ടുകള്‍ | 9. വിദ്യാര്‍ഥികളുടെ പടയും പാട്ടും","Not credited","KwNyCm7Fczc"
"D4 Media","ഒരു പിടി മണ്ണിലുണ്ടെന്റെ... പികെ ഗോപി /ഷാനവാസ്‌","ഒരു പിടി മണ്ണിലുണ്ടെന്റെ... പികെ ഗോപി /ഷാനവാസ്‌","Not credited","rsympgRSDtQ"
"D4 Media","ഒരുതിരികൊണ്ട്... ജമീല്‍ അഹ്മദ്/ സിദ്‌റത്തുല്‍ മുന്‍ത്വഹ","ഒരുതിരികൊണ്ട്... ജമീല്‍ അഹ്മദ്/ സിദ്‌റത്തുല്‍ മുന്‍ത്വഹ","Not credited","NU_fN8QgdtI"
"D4 Media","ഓണതുമ്പികളെ | ഒരുമിക്കാം ഒത്തുകളിക്കാം | ബാലോത്സവ ഗാനങ്ങള്‍ | Malarvadi Balasangam","ഓണതുമ്പികളെ... | ഒരുമിക്കാം ഒത്തുകളിക്കാം | ബാലോത്സവ ഗാനങ്ങള്‍ | Orumikam Othukalikam | Malarvadi Balasangam | കേൾക്കാം ഇസ്‌ലാമിക ഗാനങ്ങൾ | ആൽബങ്ങൾ | 1. ഒരുമിക്കാം ഒത്തുകളിക്കാം.. ബാലോത്സവ ഗാനങ്ങള്‍ | 2. യവ്വനം- പോരാട്ടപ്പാട്ടുകള്‍ | 3. അബതാഹ്‌ | 4. മിഴിപ്പൂക്കൾ | 5. ഹിജാസ് | 6. ഹിറാ ഗാനങ്ങൾ | 7. കുട്ടികള്‍ക്കുള്ള അല്ലാഹുവിന്റെ പാഠങ്ങള്‍ | 8 ആദം - കുട്ടികള്‍ക്കായുള്ള അറിവിന്റെ പാട്ടുകള്‍ | 9. വിദ്യാര്‍ഥികളുടെ പടയും പാട്ടും","Not credited","t67DYjz1yi8"
"D4 Media","ഓരോ വിത്തും | ഒരുമിക്കാം ഒത്തുകളിക്കാം | ബാലോത്സവ ഗാനങ്ങള്‍ | Malarvadi Balasangam","ഓരോ വിത്തും... | ഒരുമിക്കാം ഒത്തുകളിക്കാം | ബാലോത്സവ ഗാനങ്ങള്‍ | Orumikam Othukalikam | Malarvadi Balasangam | കേൾക്കാം ഇസ്‌ലാമിക ഗാനങ്ങൾ | ആൽബങ്ങൾ | 1. ഒരുമിക്കാം ഒത്തുകളിക്കാം.. ബാലോത്സവ ഗാനങ്ങള്‍ | 2. യവ്വനം- പോരാട്ടപ്പാട്ടുകള്‍ | 3. അബതാഹ്‌ | 4. മിഴിപ്പൂക്കൾ | 5. ഹിജാസ് | 6. ഹിറാ ഗാനങ്ങൾ | 7. കുട്ടികള്‍ക്കുള്ള അല്ലാഹുവിന്റെ പാഠങ്ങള്‍ | 8 ആദം - കുട്ടികള്‍ക്കായുള്ള അറിവിന്റെ പാട്ടുകള്‍ | 9. വിദ്യാര്‍ഥികളുടെ പടയും പാട്ടും","Not credited","4k2kd_kzHiw"
"D4 Media","കനത്ത കന്മതിൽ | Kanatha Kanmathil | Mizhippookkal | Islamic Song","കനത്ത കന്മതിൽ | മിഴിപ്പൂക്കൾ | രചന: പി.കെ ഗോപി | സംവിധാനം: ചാന്ദ് പാഷ | ആലാപനം: മധു ബാലകൃഷ്ണൻ, ശരീഫ് കൊച്ചിൻ, | ചങ്ങന്നൂർ ശ്രീകുമാർ, സിബെല്ല, രഹ്‌ന, പ്രകാശൻ മണ്ണൂർ | Kanatha Kanmathil | Mizhippookkal | Composer: P.K Gopi | Direction: Chand Pasha | Singers: Madhu Balakrishnan, Shereef Cochin, | Changannoor Sreekumar, Cibella, Rahna, Prakashan Mannoor | © D4media","മധു ബാലകൃഷ്ണൻ, ശരീഫ് കൊച്ചിൻ,","TuAoHkY91r4"
"D4 Media","കിളിയുടെ | ഒരുമിക്കാം ഒത്തുകളിക്കാം | ബാലോത്സവ ഗാനങ്ങള്‍  | Malarvadi Balasangam","കിളിയുടെ... | ഒരുമിക്കാം ഒത്തുകളിക്കാം | ബാലോത്സവ ഗാനങ്ങള്‍ | Orumikam Othukalikam | Malarvadi Balasangam | കേൾക്കാം ഇസ്‌ലാമിക ഗാനങ്ങൾ | ആൽബങ്ങൾ | 1. ഒരുമിക്കാം ഒത്തുകളിക്കാം.. ബാലോത്സവ ഗാനങ്ങള്‍ | 2. യവ്വനം- പോരാട്ടപ്പാട്ടുകള്‍ | 3. അബതാഹ്‌ | 4. മിഴിപ്പൂക്കൾ | 5. ഹിജാസ് | 6. ഹിറാ ഗാനങ്ങൾ | 7. കുട്ടികള്‍ക്കുള്ള അല്ലാഹുവിന്റെ പാഠങ്ങള്‍ | 8 ആദം - കുട്ടികള്‍ക്കായുള്ള അറിവിന്റെ പാട്ടുകള്‍ | 9. വിദ്യാര്‍ഥികളുടെ പടയും പാട്ടും","Not credited","j70rbch-93s"
"D4 Media","ചെരാതുകൾ | Lyric Video | Eid Song | D4 Media Song | Cherathukal","ചെരാതുകൾ | Lyric Video | Eid Song | D4 Media Song | Cherathukal | Lyrics: Ameen karakunnu | Music programing mix: saibalan | Dlm studio | Singer: deepak jr | Lyric Video: @JewadPS | Co-Editor: Mueen Ponissery | Creative Support: Mehd Makbool, Shameer Babu | Production: D4 Media","deepak jr","PeKZYx6dzeY"
"D4 Media","ജീവിതപാഠം  പകരും..  ടി.കെ അലി പൈങ്ങോട്ടായി/ അമീന്‍ യാസിര്‍","ജീവിതപാഠം  പകരും..  ടി.കെ അലി പൈങ്ങോട്ടായി/ | അമീന്‍ യാസിര്‍","Not credited","RKMhxNoW8Lc"
"D4 Media","തല്ലിക്കെടുത്തുവാനാരുണ്ട്... ടി.കെ അലി പൈങ്ങോട്ടായി /സമീര്‍ ബിന്‍സി","തല്ലിക്കെടുത്തുവാനാരുണ്ട്... ടി.കെ അലി പൈങ്ങോട്ടായി /സമീര്‍ ബിന്‍സി","Not credited","6M-YjBYu7Gc"
"D4 Media","താരഗണങ്ങൾക്കപ്പുറം പോരാട്ടവീറിന്റെ പെണ്ണിടം | Lyric Video Song | GIO Kerala | Sidhrathul Munthaha","താരഗണങ്ങൾക്കപ്പുറം പോരാട്ടവീറിന്റെ പെണ്ണിടം | ജി.ഐ.ഒ കേരള പുറത്തിറക്കിയ ഗാനം | Music Video By GIO Kerala | Lyrics : Ameen Karakkunnu | Music : Muhsin Kurikkal | Singer : Dr. Sidhrathul Munthaha | GIO was established on March 5 1984. It functions under the supervision of JIH. Gio releases the potential of womenfolk in moulding the society's future. And also intends to uplift the girls and enhance their power of action and reaction. | GIO releases that it is from the girls themselves that the voices for safety and security should wise. | Being a group that works among girls GIO has to make its member realize their space in their families as well as society. Girls should have the courage to shoulder the responsibility of handing over the message of truth to the posterities.","Dr. Sidhrathul Munthaha","BiLtFHcg6Ys"
"D4 Media","തെളിനീര് (ഗാനങ്ങള്‍) ഇടനെഞ്ചിന്‍...","തെളിനീര് (ഗാനങ്ങള്‍) ഇടനെഞ്ചിന്‍...","Not credited","qUeAkNAx4Zk"
"D4 Media","തെളിനീര് (ഗാനങ്ങള്‍) ഇലാഹിന്റെ...","തെളിനീര് (ഗാനങ്ങള്‍) ഇലാഹിന്റെ...","Not credited","s0WVSGheV5c"
"D4 Media","തെളിനീര് (ഗാനങ്ങള്‍) കൈതവമില്ലാത്ത...","തെളിനീര് (ഗാനങ്ങള്‍) കൈതവമില്ലാത്ത...","Not credited","cQzcd3Jtha8"
"D4 Media","തെളിനീര് (ഗാനങ്ങള്‍) പുലിയുടെ കൂട്ടിലെ...","തെളിനീര് (ഗാനങ്ങള്‍) പുലിയുടെ കൂട്ടിലെ...","Not credited","04aVqcnrkQM"
"D4 Media","തെളിനീര് (ഗാനങ്ങള്‍) മാനത്ത് പുഞ്ചിരിച്ചൊരു...","തെളിനീര് (ഗാനങ്ങള്‍) മാനത്ത് പുഞ്ചിരിച്ചൊരു...","Not credited","4qywVueaeoo"
"D4 Media","തെളിനീര് (ഗാനങ്ങള്‍) മിഴിതുറക്കൂ..","തെളിനീര് (ഗാനങ്ങള്‍) മിഴിതുറക്കൂ..","Not credited","dgU-vaRpo64"
"D4 Media","തെളിനീര് (ഗാനങ്ങള്‍) മിഴിനനയുന്നു..","തെളിനീര് (ഗാനങ്ങള്‍) മിഴിനനയുന്നു..","Not credited","EFYfGDEUn_A"
"D4 Media","തെളിനീര് (ഗാനങ്ങള്‍) മിഴിനനയുന്നു...","തെളിനീര് (ഗാനങ്ങള്‍) മിഴിനനയുന്നു...","Not credited","CCWM7CPbw8k"
"D4 Media","തെളിനീര് (ഗാനങ്ങള്‍) സ്ത്രീധന...","തെളിനീര് (ഗാനങ്ങള്‍) സ്ത്രീധന...","Not credited","G4TU3MAxcZ8"
"D4 Media","നമുക്ക് നല്ല പാട്ടുപാടാം | ഒരുമിക്കാം ഒത്തുകളിക്കാം | ബാലോത്സവ ഗാനങ്ങള്‍ | Malarvadi Balasangam","നമുക്ക് നല്ല പാട്ടുപാടാം... | ഒരുമിക്കാം ഒത്തുകളിക്കാം | ബാലോത്സവ ഗാനങ്ങള്‍ | Orumikam Othukalikam | Malarvadi Balasangam | കേൾക്കാം ഇസ്‌ലാമിക ഗാനങ്ങൾ | ആൽബങ്ങൾ | 1. ഒരുമിക്കാം ഒത്തുകളിക്കാം.. ബാലോത്സവ ഗാനങ്ങള്‍ | 2. യവ്വനം- പോരാട്ടപ്പാട്ടുകള്‍ | 3. അബതാഹ്‌ | 4. മിഴിപ്പൂക്കൾ | 5. ഹിജാസ് | 6. ഹിറാ ഗാനങ്ങൾ | 7. കുട്ടികള്‍ക്കുള്ള അല്ലാഹുവിന്റെ പാഠങ്ങള്‍ | 8 ആദം - കുട്ടികള്‍ക്കായുള്ള അറിവിന്റെ പാട്ടുകള്‍ | 9. വിദ്യാര്‍ഥികളുടെ പടയും പാട്ടും","Not credited","pPqTThgAzqQ"
"D4 Media","നാം മനുഷ്യര്‍ നാം ഒന്ന്- ഗാനം","നാം മനുഷ്യര്‍ നാം ഒന്ന്- ഗാനം","Not credited","h2xEuXt-0-Q"
"D4 Media","പടച്ചോന്റെ പനിനീർപ്പൂ | Padachonte Panineerpoo | Mizhippookkal | Islamic Song","പടച്ചോന്റെ പനിനീർപ്പൂ | മിഴിപ്പൂക്കൾ | രചന: പി.കെ ഗോപി | സംവിധാനം: ചാന്ദ് പാഷ | ആലാപനം: മധു ബാലകൃഷ്ണൻ, ശരീഫ് കൊച്ചിൻ, | ചങ്ങന്നൂർ ശ്രീകുമാർ, സിബെല്ല, രഹ്‌ന, പ്രകാശൻ മണ്ണൂർ | Padachonte Panineerpoo | Mizhippookkal | Composer: P.K Gopi | Direction: Chand Pasha | Singers: Madhu Balakrishnan, Shereef Cochin, | Changannoor Sreekumar, Cibella, Rahna, Prakashan Mannoor | © D4media","മധു ബാലകൃഷ്ണൻ, ശരീഫ് കൊച്ചിൻ,","s9tU1X2unOM"
"D4 Media","പഠിക്കണം പകര്‍ത്തണം | ഒരുമിക്കാം ഒത്തുകളിക്കാം | ബാലോത്സവ ഗാനങ്ങള്‍ | Malarvadi Balasangam","പഠിക്കണം പകര്‍ത്തണം... | ഒരുമിക്കാം ഒത്തുകളിക്കാം | ബാലോത്സവ ഗാനങ്ങള്‍ | Orumikam Othukalikam | Malarvadi Balasangam | കേൾക്കാം ഇസ്‌ലാമിക ഗാനങ്ങൾ | ആൽബങ്ങൾ | 1. ഒരുമിക്കാം ഒത്തുകളിക്കാം.. ബാലോത്സവ ഗാനങ്ങള്‍ | 2. യവ്വനം- പോരാട്ടപ്പാട്ടുകള്‍ | 3. അബതാഹ്‌ | 4. മിഴിപ്പൂക്കൾ | 5. ഹിജാസ് | 6. ഹിറാ ഗാനങ്ങൾ | 7. കുട്ടികള്‍ക്കുള്ള അല്ലാഹുവിന്റെ പാഠങ്ങള്‍ | 8 ആദം - കുട്ടികള്‍ക്കായുള്ള അറിവിന്റെ പാട്ടുകള്‍ | 9. വിദ്യാര്‍ഥികളുടെ പടയും പാട്ടും","Not credited","zubyMecGhHw"
"D4 Media","പെണ്ണ് കെട്ടിനു /ശരീഫ് കൊച്ചിന്‍, സാജിദ","മിന്നാമിനുങ്ങ് | രചന: യു.കെ അബൂസഹ് ല | സംഗീതം: സമീര്‍ ബിന്‍സി, അക്ബര്‍ മലപ്പുറം | ആവിഷ്‌കാരം: എസ്.ഐ.ഒ സംവേദന വേദി | പാടിയത് : ശരീഫ് കൊച്ചിന്‍, സാജിദ","ശരീഫ് കൊച്ചിന്‍, സാജിദ","uBhwhsENe3Q"
"D4 Media","പ്രശാന്തി പൂക്കും മധുമലര്‍... (ഗാനം)","പ്രശാന്തി പൂക്കും മധുമലര്‍... (ഗാനം)","Not credited","W-Yu8VgPduY"
"D4 Media","പ്രാ‍ർഥന വീഡിയോ ഗാനം | Dua video song | Thanima Kalasahithya Vedi | Eid Malayalam song","പ്രാ‍ർഥന വീഡിയോ ഗാനം | Dua video song | Thanima Kalasahithya Vedi | Eid Malayalam song | മ്യൂസിക്: അബ്ദുൽ സലാം | രചന: ഫൈസൽ കൊച്ചി | പാടിയവർ: ഷംസു, സിറാജ്, നബീല, സഹല, സ്വാലിഹ | ഓർക്കസ്‌ട്രേഷൻ: ഐഎം ഷക്കീർ | മിക്സിംഗ് മാസ്റ്ററിംഗ്‌: അബ്ദുൽ ഹക്കീം","ഷംസു, സിറാജ്, നബീല, സഹല, സ്വാലിഹ","PJeAx2hjSsM"
"D4 Media","ബാക്കിയെന്തുണ്ട്... ജമീല്‍ അഹ്മദ് /ശരീഫ് കൊച്ചിന്‍","ബാക്കിയെന്തുണ്ട്... ജമീല്‍ അഹ്മദ് /ശരീഫ് കൊച്ചിന്‍","Not credited","M740dpak7MU"
"D4 Media","മഞ്ഞു തുള്ളിയായ് | ഒരുമിക്കാം ഒത്തുകളിക്കാം | ബാലോത്സവ ഗാനങ്ങള്‍ | Malarvadi Balasangam","മഞ്ഞു തുള്ളിയായ്... | ഒരുമിക്കാം ഒത്തുകളിക്കാം | ബാലോത്സവ ഗാനങ്ങള്‍ | Orumikam Othukalikam | Malarvadi Balasangam | കേൾക്കാം ഇസ്‌ലാമിക ഗാനങ്ങൾ | ആൽബങ്ങൾ | 1. ഒരുമിക്കാം ഒത്തുകളിക്കാം.. ബാലോത്സവ ഗാനങ്ങള്‍ | 2. യവ്വനം- പോരാട്ടപ്പാട്ടുകള്‍ | 3. അബതാഹ്‌ | 4. മിഴിപ്പൂക്കൾ | 5. ഹിജാസ് | 6. ഹിറാ ഗാനങ്ങൾ | 7. കുട്ടികള്‍ക്കുള്ള അല്ലാഹുവിന്റെ പാഠങ്ങള്‍ | 8 ആദം - കുട്ടികള്‍ക്കായുള്ള അറിവിന്റെ പാട്ടുകള്‍ | 9. വിദ്യാര്‍ഥികളുടെ പടയും പാട്ടും","Not credited","LfZVnilAywQ"
"D4 Media","മതം ഒരു വരം | Theme Song | Thanima Kalasahithya Vedhi Kochi | Islam Campaign","മതം ഒരു വരം | Theme Song | Thanima Kalasahithya Vedhi Kochi | Islam Campaign | Lyric: Faisal Kochi | Singers: Shamsu Maloth, Nabeela | Music: IM Shakeer | Mixing, Mastering: Abdul Hakeem | Coordination: AS Muhammed","Shamsu Maloth, Nabeela","dPSHNEG5SJM"
"D4 Media","മതമൂറ്റും മധുരത്തില്‍ / ഹുസ്‌ന, തബസ്സുന്നിസ, നശീദ","മിന്നാമിനുങ്ങ് | രചന: യു.കെ അബൂസഹ് ല | സംഗീതം: സമീര്‍ ബിന്‍സി, അക്ബര്‍ മലപ്പുറം | ആവിഷ്‌കാരം: എസ്.ഐ.ഒ സംവേദന വേദി | പാടിയത് : മതമൂറ്റും മധുരത്തില്‍ | ഹുസ്‌ന, തബസ്സുന്നിസ, നശീദ","മതമൂറ്റും മധുരത്തില്‍","RgFQ-nsRF-I"
"D4 Media","മർദ്ദനമുറയാൽ | Mardhana Murayaal | Mizhippookkal | Islamic Song","മർദ്ദനമുറയാൽ | മിഴിപ്പൂക്കൾ | രചന: പി.കെ ഗോപി | സംവിധാനം: ചാന്ദ് പാഷ | ആലാപനം: മധു ബാലകൃഷ്ണൻ, ശരീഫ് കൊച്ചിൻ, | ചങ്ങന്നൂർ ശ്രീകുമാർ, സിബെല്ല, രഹ്‌ന, പ്രകാശൻ മണ്ണൂർ | Mardhana Murayaal | Mizhippookkal | Composer: P.K Gopi | Direction: Chand Pasha | Singers: Madhu Balakrishnan, Shereef Cochin, | Changannoor Sreekumar, Cibella, Rahna, Prakashan Mannoor | © D4media","മധു ബാലകൃഷ്ണൻ, ശരീഫ് കൊച്ചിൻ,","wvxYm20Jh98"
"D4 Media","മഴവില്ലിന്റെ പകല്‍ /3 വഴിയടഞ്ഞ കലാലയ മതിലില്‍..","ഗാനരചന: ജമീല്‍ അഹ്മദ്, തൗഫീഖ് എം.എസ് | അമീന്‍ മുഹമ്മദ് കാരക്കുന്ന് | സംഗീതം: അമീന്‍ യാസിര്‍ | ആലാപനം: | സുരേഷ് ചെറുകോട്, അമീന്‍ യാസിര്‍, സിദ്‌റത്തുല്‍ മുന്‍ത്തഹ, അരുണ്‍ കൃഷ്ണ | സ്റ്റുഡിയോ: | ഹിമ ഓഡിയോ വിഷ്വല്‍ ലാബ്, മലപ്പുറം","Not credited","TgcdgcipJEU"
"D4 Media","മഴവില്ലിന്റെ പകല്‍ /4 മഴവില്ലിന്‍ കാലമായി..","ഗാനരചന: ജമീല്‍ അഹ്മദ്, തൗഫീഖ് എം.എസ് | അമീന്‍ മുഹമ്മദ് കാരക്കുന്ന് | സംഗീതം: അമീന്‍ യാസിര്‍ | ആലാപനം: | സുരേഷ് ചെറുകോട്, അമീന്‍ യാസിര്‍, സിദ്‌റത്തുല്‍ മുന്‍ത്തഹ, അരുണ്‍ കൃഷ്ണ | സ്റ്റുഡിയോ: | ഹിമ ഓഡിയോ വിഷ്വല്‍ ലാബ്, മലപ്പുറം","Not credited","c1PzqfWZVXU"
"D4 Media","മഴവില്ലിന്റെ പകല്‍ /7 ആ വലം കൈനീട്ടുക...","ഗാനരചന: ജമീല്‍ അഹ്മദ്, തൗഫീഖ് എം.എസ് | അമീന്‍ മുഹമ്മദ് കാരക്കുന്ന് | സംഗീതം: അമീന്‍ യാസിര്‍ | ആലാപനം: | സുരേഷ് ചെറുകോട്, അമീന്‍ യാസിര്‍, സിദ്‌റത്തുല്‍ മുന്‍ത്തഹ, അരുണ്‍ കൃഷ്ണ | സ്റ്റുഡിയോ: | ഹിമ ഓഡിയോ വിഷ്വല്‍ ലാബ്, മലപ്പുറം","Not credited","CnTAVLjljrI"
"D4 Media","മഴവില്ലിന്റെ പകല്‍ /8 സാര്‍വ്വലൗകിക നീലിമയും...","ഗാനരചന: ജമീല്‍ അഹ്മദ്, തൗഫീഖ് എം.എസ് | അമീന്‍ മുഹമ്മദ് കാരക്കുന്ന് | സംഗീതം: അമീന്‍ യാസിര്‍ | ആലാപനം: | സുരേഷ് ചെറുകോട്, അമീന്‍ യാസിര്‍, സിദ്‌റത്തുല്‍ മുന്‍ത്തഹ, അരുണ്‍ കൃഷ്ണ | സ്റ്റുഡിയോ: | ഹിമ ഓഡിയോ വിഷ്വല്‍ ലാബ്, മലപ്പുറം","Not credited","6Vdq7TQ1LJM"
"D4 Media","മഴവില്ലിന്റെ പകല്‍/ 2 പേനത്തുമ്പില്‍ പകലുതീര്‍ക്കും..","ഗാനരചന: ജമീല്‍ അഹ്മദ്, തൗഫീഖ് എം.എസ് | അമീന്‍ മുഹമ്മദ് കാരക്കുന്ന് | സംഗീതം: അമീന്‍ യാസിര്‍ | ആലാപനം: | സുരേഷ് ചെറുകോട്, അമീന്‍ യാസിര്‍, സിദ്‌റത്തുല്‍ മുന്‍ത്തഹ, അരുണ്‍ കൃഷ്ണ | സ്റ്റുഡിയോ: | ഹിമ ഓഡിയോ വിഷ്വല്‍ ലാബ്, മലപ്പുറം","Not credited","uLJS5LUwa2g"
"D4 Media","മഴവില്ലിന്റെ പകല്‍/ 5 നദിയേ നദിയേ എന്നും...","ഗാനരചന: ജമീല്‍ അഹ്മദ്, തൗഫീഖ് എം.എസ് | അമീന്‍ മുഹമ്മദ് കാരക്കുന്ന് | സംഗീതം: അമീന്‍ യാസിര്‍ | ആലാപനം: | സുരേഷ് ചെറുകോട്, അമീന്‍ യാസിര്‍, സിദ്‌റത്തുല്‍ മുന്‍ത്തഹ, അരുണ്‍ കൃഷ്ണ | സ്റ്റുഡിയോ: | ഹിമ ഓഡിയോ വിഷ്വല്‍ ലാബ്, മലപ്പുറം","Not credited","o9CH-L4CS-Y"
"D4 Media","മഴവില്ലിന്റെ പകല്‍/ 6 അറബി നാട്ടിന്നക്കരെനിന്നെ...","ഗാനരചന: ജമീല്‍ അഹ്മദ്, തൗഫീഖ് എം.എസ് | അമീന്‍ മുഹമ്മദ് കാരക്കുന്ന് | സംഗീതം: അമീന്‍ യാസിര്‍ | ആലാപനം: | സുരേഷ് ചെറുകോട്, അമീന്‍ യാസിര്‍, സിദ്‌റത്തുല്‍ മുന്‍ത്തഹ, അരുണ്‍ കൃഷ്ണ | സ്റ്റുഡിയോ: | ഹിമ ഓഡിയോ വിഷ്വല്‍ ലാബ്, മലപ്പുറം","Not credited","JwEMyRb4qCc"
"D4 Media","മാനവന്നീ ലോകമാകെ/ഷാനവാസ്, സാജിദ","മിന്നാമിനുങ്ങ് | രചന: യു.കെ അബൂസഹ് ല | സംഗീതം: സമീര്‍ ബിന്‍സി, അക്ബര്‍ മലപ്പുറം | ആവിഷ്‌കാരം: എസ്.ഐ.ഒ സംവേദന വേദി | പാടിയത് : ഷാനവാസ്, സാജിദ","ഷാനവാസ്, സാജിദ","fQfPiZmPvyY"
"D4 Media","മാപ്പുതരൂ മാതാവേ | Mappu Tharoo Mathave | Mizhippookkal | Islamic Song","മാപ്പുതരൂ മാതാവേ | മിഴിപ്പൂക്കൾ | രചന: പി.കെ ഗോപി | സംവിധാനം: ചാന്ദ് പാഷ | ആലാപനം: മധു ബാലകൃഷ്ണൻ, ശരീഫ് കൊച്ചിൻ, | ചങ്ങന്നൂർ ശ്രീകുമാർ, സിബെല്ല, രഹ്‌ന, പ്രകാശൻ മണ്ണൂർ | Mappu Tharoo Mathave | Mizhippookkal | Composer: P.K Gopi | Direction: Chand Pasha | Singers: Madhu Balakrishnan, Shereef Cochin, | Changannoor Sreekumar, Cibella, Rahna, Prakashan Mannoor | © D4media","മധു ബാലകൃഷ്ണൻ, ശരീഫ് കൊച്ചിൻ,","doET7W4DJwg"
"D4 Media","മാറട്ടെ മാറട്ടെ...   നസറുള്ള വാഴക്കാട്‌/ശരീഫ് കൊച്ചിന്‍","മാറട്ടെ മാറട്ടെ...   നസറുള്ള വാഴക്കാട്‌/ശരീഫ് കൊച്ചിന്‍","Not credited","9tOnDc_odEY"
"D4 Media","മിന്നിതിളങ്ങും/ സതീഷ് ബാബു, കോറസ്‌","മിന്നാമിനുങ്ങ് | രചന: യു.കെ അബൂസഹ് ല | സംഗീതം: സമീര്‍ ബിന്‍സി, അക്ബര്‍ മലപ്പുറം | ആവിഷ്‌കാരം: എസ്.ഐ.ഒ സംവേദന വേദി | പാടിയത് : സതീഷ് ബാബു, കോറസ്‌ | കേൾക്കാം ഇസ്‌ലാമിക ഗാനങ്ങൾ | ആൽബങ്ങൾ | 1. ഒരുമിക്കാം ഒത്തുകളിക്കാം.. ബാലോത്സവ ഗാനങ്ങള്‍ | 2. യവ്വനം- പോരാട്ടപ്പാട്ടുകള്‍ | 3. അബതാഹ്‌ | 4. മിഴിപ്പൂക്കൾ | 5. ഹിജാസ് | 6. ഹിറാ ഗാനങ്ങൾ | 7. കുട്ടികള്‍ക്കുള്ള അല്ലാഹുവിന്റെ പാഠങ്ങള്‍","സതീഷ് ബാബു, കോറസ്‌","ldkw2ZVq91A"
"D4 Media","യവ്വനം- പോരാട്ടപ്പാട്ടുകള്‍ | ഉണര്‍ത്തുപാട്ടുമായ്‌ | Islamic Song","ഉണര്‍ത്തുപാട്ടുമായ്‌ | യവ്വനം- പോരാട്ടപ്പാട്ടുകള്‍ | സോളിഡാരിറ്റി","Not credited","Z1fM4z2CT-0"
"D4 Media","യവ്വനം- പോരാട്ടപ്പാട്ടുകള്‍ | കണ്ണീര് പെയ്യുന്നു | Islamic Song","യവ്വനം- പോരാട്ടപ്പാട്ടുകള്‍ | കണ്ണീര് പെയ്യുന്നു | സോളിഡാരിറ്റി | കേൾക്കാം ഇസ്‌ലാമിക ഗാനങ്ങൾ | ആൽബങ്ങൾ | 1. ഒരുമിക്കാം ഒത്തുകളിക്കാം.. ബാലോത്സവ ഗാനങ്ങള്‍ | 2. യവ്വനം- പോരാട്ടപ്പാട്ടുകള്‍ | 3. അബതാഹ്‌ | 4. മിഴിപ്പൂക്കൾ | 5. ഹിജാസ് | 6. ഹിറാ ഗാനങ്ങൾ | 7. കുട്ടികള്‍ക്കുള്ള അല്ലാഹുവിന്റെ പാഠങ്ങള്‍ | 8 ആദം - കുട്ടികള്‍ക്കായുള്ള അറിവിന്റെ പാട്ടുകള്‍ | 9. വിദ്യാര്‍ഥികളുടെ പടയും പാട്ടും","Not credited","goxWeXOeivI"
"D4 Media","യവ്വനം- പോരാട്ടപ്പാട്ടുകള്‍ | നീതികെട്ട | Islamic Song","നീതികെട്ട | യവ്വനം- പോരാട്ടപ്പാട്ടുകള്‍ | സോളിഡാരിറ്റി","Not credited","T5x-CBk_bQA"
"D4 Media","യവ്വനം- പോരാട്ടപ്പാട്ടുകള്‍ | നീതിയെ കുഴിമൂടി | Islamic Song","നീതിയെ കുഴിമൂടി | യവ്വനം- പോരാട്ടപ്പാട്ടുകള്‍ | സോളിഡാരിറ്റി","Not credited","m-rUqq0SQWY"
"D4 Media","യവ്വനം- പോരാട്ടപ്പാട്ടുകള്‍ | പൊരുതിടാനൊരു | Islamic Song","പൊരുതിടാനൊരു | യവ്വനം- പോരാട്ടപ്പാട്ടുകള്‍ | സോളിഡാരിറ്റി","Not credited","uXRvlF4Er8Q"
"D4 Media","യവ്വനം- പോരാട്ടപ്പാട്ടുകള്‍ | പോര്‍വിളിക്കുക | Islamic Song","യവ്വനം- പോരാട്ടപ്പാട്ടുകള്‍ | പോര്‍വിളിക്കുക | Islamic Song","Not credited","11hHAjDhfk4"
"D4 Media","യവ്വനം- പോരാട്ടപ്പാട്ടുകള്‍ | യുവതക്കുണ്ടൊരു ദൗത്യം | Islamic Song","യുവതക്കുണ്ടൊരു ദൗത്യം | യവ്വനം- പോരാട്ടപ്പാട്ടുകള്‍ | സോളിഡാരിറ്റി","Not credited","vWt4NvKCKfU"
"D4 Media","യവ്വനം- പോരാട്ടപ്പാട്ടുകള്‍ | സാമ്രാജ്യത്ത്വ കഴുകന്‍മാര്‍ | Islamic Song","സാമ്രാജ്യത്ത്വ കഴുകന്‍മാര്‍ | യവ്വനം- പോരാട്ടപ്പാട്ടുകള്‍ | സോളിഡാരിറ്റി","Not credited","PLuSA9c_IQs"
"D4 Media","വ യദൂറു | Va Yadhooru | Abathaah | Islamic Song","വ യദൂറു | അബതാഹ്‌ | സംഗീതം: ചാന്ദ് പാഷ | ആലാപനം: ശരീഫ് കൊച്ചിൻ, രഹ്ന, മുഹമ്മദ് കുട്ടി | Va Yadhooru | Abathaah | Composing: Chand Pasha | Singers: Shereef Cochin, Rahna, Muhammad Kutty | © D4media","ശരീഫ് കൊച്ചിൻ, രഹ്ന, മുഹമ്മദ് കുട്ടി","jLpJ4R5TyFA"
"D4 Media","വരുന്നു ‍‌ഞങ്ങള്‍ | ഒരുമിക്കാം ഒത്തുകളിക്കാം | ബാലോത്സവ ഗാനങ്ങള്‍ | Malarvadi Balasangam","വരുന്നു ‍‌ഞങ്ങള്‍... | ഒരുമിക്കാം ഒത്തുകളിക്കാം | ബാലോത്സവ ഗാനങ്ങള്‍ | Orumikam Othukalikam | Malarvadi Balasangam | കേൾക്കാം ഇസ്‌ലാമിക ഗാനങ്ങൾ | ആൽബങ്ങൾ | 1. ഒരുമിക്കാം ഒത്തുകളിക്കാം.. ബാലോത്സവ ഗാനങ്ങള്‍ | 2. യവ്വനം- പോരാട്ടപ്പാട്ടുകള്‍ | 3. അബതാഹ്‌ | 4. മിഴിപ്പൂക്കൾ | 5. ഹിജാസ് | 6. ഹിറാ ഗാനങ്ങൾ | 7. കുട്ടികള്‍ക്കുള്ള അല്ലാഹുവിന്റെ പാഠങ്ങള്‍ | 8 ആദം - കുട്ടികള്‍ക്കായുള്ള അറിവിന്റെ പാട്ടുകള്‍ | 9. വിദ്യാര്‍ഥികളുടെ പടയും പാട്ടും","Not credited","63sTAbWuf6g"
"D4 Media","വസും തു | Vasum Thu | Abathaah | Islamic Song","വസും തു | അബതാഹ്‌ | സംഗീതം: ചാന്ദ് പാഷ | ആലാപനം: ശരീഫ് കൊച്ചിൻ, രഹ്ന, മുഹമ്മദ് കുട്ടി | Vasum Thu | Abathaah | Composing: Chand Pasha | Singers: Shereef Cochin, Rahna, Muhammad Kutty | © D4media","ശരീഫ് കൊച്ചിൻ, രഹ്ന, മുഹമ്മദ് കുട്ടി","3guxnBX15Hs"
"D4 Media","വാടി നല്ല മലര്‍വാടി | ഒരുമിക്കാം ഒത്തുകളിക്കാം | ബാലോത്സവ ഗാനങ്ങള്‍ | Malarvadi Balasangam","വാടി നല്ല മലര്‍വാടി...... | ഒരുമിക്കാം ഒത്തുകളിക്കാം | ബാലോത്സവ ഗാനങ്ങള്‍ | Orumikam Othukalikam | Malarvadi Balasangam | കേൾക്കാം ഇസ്‌ലാമിക ഗാനങ്ങൾ | ആൽബങ്ങൾ | 1. ഒരുമിക്കാം ഒത്തുകളിക്കാം.. ബാലോത്സവ ഗാനങ്ങള്‍ | 2. യവ്വനം- പോരാട്ടപ്പാട്ടുകള്‍ | 3. അബതാഹ്‌ | 4. മിഴിപ്പൂക്കൾ | 5. ഹിജാസ് | 6. ഹിറാ ഗാനങ്ങൾ | 7. കുട്ടികള്‍ക്കുള്ള അല്ലാഹുവിന്റെ പാഠങ്ങള്‍ | 8 ആദം - കുട്ടികള്‍ക്കായുള്ള അറിവിന്റെ പാട്ടുകള്‍ | 9. വിദ്യാര്‍ഥികളുടെ പടയും പാട്ടും","Not credited","wKSJQL3WfsA"
"D4 Media","വിദ്യാര്‍ഥികളുടെ പടയും പാട്ടും / കാരുണ്യത്തിന്‍","വിദ്യാര്‍ഥികളുടെ പടയും പാട്ടും / കാരുണ്യത്തിന്‍","Not credited","-FLquSusv1M"
"D4 Media","വിദ്യാര്‍ഥികളുടെ പടയും പാട്ടും / ദിനം ദിനേ കനത്ത","വിദ്യാര്‍ഥികളുടെ പടയും പാട്ടും / ദിനം ദിനേ കനത്ത","Not credited","fsx322Eu02Y"
"D4 Media","വിദ്യാര്‍ഥികളുടെ പടയും പാട്ടും / നിന്നിലേക്കല്ലോ മുഖം","വിദ്യാര്‍ഥികളുടെ പടയും പാട്ടും / നിന്നിലേക്കല്ലോ മുഖം","Not credited","IzogT2Zptlc"
"D4 Media","വിദ്യാര്‍ഥികളുടെ പടയും പാട്ടും / നേരു പൂത്തൊരുu","വിദ്യാര്‍ഥികളുടെ പടയും പാട്ടും / നേരു പൂത്തൊരു","Not credited","GSRAf7eVCW0"
"D4 Media","വിദ്യാര്‍ഥികളുടെ പടയും പാട്ടും / പടച്ചോന്റെ ദ","വിദ്യാര്‍ഥികളുടെ പടയും പാട്ടും / പടച്ചോന്റെ ദ","Not credited","t4hhS26wKZ0"
"D4 Media","വിദ്യാര്‍ഥികളുടെ പടയും പാട്ടും / പടച്ചോന്റെ ദാസരേ","വിദ്യാര്‍ഥികളുടെ പടയും പാട്ടും / പടച്ചോന്റെ ദാസരേ","Not credited","R5u3nn-4DTg"
"D4 Media","വിദ്യാര്‍ഥികളുടെ പടയും പാട്ടും / മരുഭൂമിയില്‍","വിദ്യാര്‍ഥികളുടെ പടയും പാട്ടും / മരുഭൂമിയില്‍","Not credited","iuKP-NI7cl4"
"D4 Media","വിദ്യാര്‍ഥികളുടെ പടയും പാട്ടും /കവിത (ചുവന്ന കുപ്പായമിട്ട സുഹൃത്തിന്)","വിദ്യാര്‍ഥികളുടെ പടയും പാട്ടും /കവിത (ചുവന്ന കുപ്പായമിട്ട സുഹൃത്തിന്)","Not credited","C6QofSmDzOM"
"D4 Media","വിരിയട്ടെ സൗഹൃദം പൂക്കുന്ന പുലരികൾ | Lyric Video|Theme Song | ഇസ്‌ലാം ആശയ സംവാദത്തിന്റെ സൗഹൃദ നാളുകൾ","വിരിയട്ടെ സൗഹൃദം പൂക്കുന്ന പുലരികൾ | Lyric Video | Theme Song | ഇസ്‌ലാം ആശയ സംവാദത്തിന്റെ സൗഹൃദ നാളുകൾ | Lyrics: TKM Iqbal | Music: Ubaid | Singer : Mithulesh cholakkal | Chorus: Sinov Raj, Sabnas | Recording & Mixing: Khayal Audios Calicut | Video Editing: Saed Kodungallur | Production: D4 Media","Mithulesh cholakkal","wnc_w95Z7Q4"
"D4 Media","വിലപിച്ചു ഞാനിരിക്കേ | Vilapichu Njanirikke | Mizhippookkal | Islamic Song","വിലപിച്ചു ഞാനിരിക്കേ | മിഴിപ്പൂക്കൾ | രചന: പി.കെ ഗോപി | സംവിധാനം: ചാന്ദ് പാഷ | ആലാപനം: മധു ബാലകൃഷ്ണൻ, ശരീഫ് കൊച്ചിൻ, | ചങ്ങന്നൂർ ശ്രീകുമാർ, സിബെല്ല, രഹ്‌ന, പ്രകാശൻ മണ്ണൂർ | Vilapichu Njanirikke | Mizhippookkal | Composer: P.K Gopi | Direction: Chand Pasha | Singers: Madhu Balakrishnan, Shereef Cochin, | Changannoor Sreekumar, Cibella, Rahna, Prakashan Mannoor | © D4media","മധു ബാലകൃഷ്ണൻ, ശരീഫ് കൊച്ചിൻ,","zWz6G7vIjnY"
"D4 Media","വ്രണപ്പെട്ട മനസ്സേ | Vranappetta Manasse | Mizhippookkal | Islamic Song","വ്രണപ്പെട്ട മനസ്സേ | മിഴിപ്പൂക്കൾ | രചന: പി.കെ ഗോപി | സംവിധാനം: ചാന്ദ് പാഷ | ആലാപനം: മധു ബാലകൃഷ്ണൻ, ശരീഫ് കൊച്ചിൻ, | ചങ്ങന്നൂർ ശ്രീകുമാർ, സിബെല്ല, രഹ്‌ന, പ്രകാശൻ മണ്ണൂർ | Vranappetta Manasse | Mizhippookkal | Composer: P.K Gopi | Direction: Chand Pasha | Singers: Madhu Balakrishnan, Shereef Cochin, | Changannoor Sreekumar, Cibella, Rahna, Prakashan Mannoor | © D4media","മധു ബാലകൃഷ്ണൻ, ശരീഫ് കൊച്ചിൻ,","Qbrzz96H8A8"
"D4 Media","സൗഹൃദ കേരളം പെൺകൂട്ടായ്മ | Theme Song | Sidrathul Munthaha | JIH Womens Wing Kerala","സൗഹൃദ കേരളം പെൺകൂട്ടായ്മ | Theme Song | Sidrathul Munthaha | JIH Womens Wing Kerala | Lyrics : @zainabchavakkad3171 | Vocal and Composing : @SidrathulMunthaha | Music Production: Bayanuzzaman (Brook Studios) | Mixing & Mastering: Bayanuzzaman | Recording : Melodia Pro Studio | Video: Badeeuzaman | Creative support: D4Media","Not credited","s6Jmc0uo5rM"
"D4 Media","സ്വര്‍ഗം അണഞ്ഞ/ഇസ്സുദ്ദീന്‍","മിന്നാമിനുങ്ങ് | രചന: യു.കെ അബൂസഹ് ല | സംഗീതം: സമീര്‍ ബിന്‍സി, അക്ബര്‍ മലപ്പുറം | ആവിഷ്‌കാരം: എസ്.ഐ.ഒ സംവേദന വേദി | പാടിയത് : ഇസ്സുദ്ദീന്‍","ഇസ്സുദ്ദീന്‍","8_0qGB98070"
"D4 Media","സ്വേച്ഛാധികാരമേ | Swechaadhikarame | Mizhippookkal | Islamic Song","സ്വേച്ഛാധികാരമേ | മിഴിപ്പൂക്കൾ | രചന: പി.കെ ഗോപി | സംവിധാനം: ചാന്ദ് പാഷ | ആലാപനം: മധു ബാലകൃഷ്ണൻ, ശരീഫ് കൊച്ചിൻ, | ചങ്ങന്നൂർ ശ്രീകുമാർ, സിബെല്ല, രഹ്‌ന, പ്രകാശൻ മണ്ണൂർ | Swechaadhikarame | Mizhippookkal | Composer: P.K Gopi | Direction: Chand Pasha | Singers: Madhu Balakrishnan, Shereef Cochin, | Changannoor Sreekumar, Cibella, Rahna, Prakashan Mannoor | © D4media","മധു ബാലകൃഷ്ണൻ, ശരീഫ് കൊച്ചിൻ,","PPjiavzoJd8"
"D4 Media","ഹഖായ നാഥന്റെ വഴിയില്‍..  (ഗാനം) / റഹ് മാന്‍ മുന്നൂര്‌","ഹഖായ നാഥന്റെ വഴിയില്‍..  (ഗാനം) / റഹ് മാന്‍ മുന്നൂര്‌","Not credited","rLTI6Fx9OU4"
"Thanima Kala Sahithya Vedi","തനിമ കലാസാഹിത്യ വേദി നടത്തിയ ഈദ് മെഹ്ഫിൽ പരുവാടിയിൽ ഞാൻ പാടിയ ഗാനം ","No description provided","Not credited","RnQ6IMH4tkU"
"Thanima Kala Sahithya Vedi","പ്രാ‍ർഥന വീഡിയോ ഗാനം | Dua video song | Thanima Kalasahithya Vedi | Eid Malayalam song","പ്രാ‍ർഥന വീഡിയോ ഗാനം | Dua video song | Thanima Kalasahithya Vedi | Eid Malayalam song | മ്യൂസിക്: അബ്ദുൽ സലാം | രചന: ഫൈസൽ കൊച്ചി | പാടിയവർ: ഷംസു, സിറാജ്, നബീല, സഹല, സ്വാലിഹ | ഓർക്കസ്‌ട്രേഷൻ: ഐഎം ഷക്കീർ | മിക്സിംഗ് മാസ്റ്ററിംഗ്‌: അബ്ദുൽ ഹക്കീം","ഷംസു, സിറാജ്, നബീല, സഹല, സ്വാലിഹ","PJeAx2hjSsM"
"Thanima Kala Sahithya Vedi","മതം ഒരു വരം | Theme Song | Thanima Kalasahithya Vedhi Kochi | Islam Campaign","മതം ഒരു വരം | Theme Song | Thanima Kalasahithya Vedhi Kochi | Islam Campaign | Lyric: Faisal Kochi | Singers: Shamsu Maloth, Nabeela | Music: IM Shakeer | Mixing, Mastering: Abdul Hakeem | Coordination: AS Muhammed","Shamsu Maloth, Nabeela","dPSHNEG5SJM"
"Malarvadi Balasangam","Balolsavam veendum Varavaayi","Malarvadi Kilukiloos","Not credited","I8S11dGlgHo"
"Malarvadi Balasangam","Kilukiloos 2 1","No description provided","Not credited","SghH2mNdoqQ"
"Malarvadi Balasangam","Kilukiloos 2 2","No description provided","Not credited","NQNo3lUQ5tA"
"Malarvadi Balasangam","Kilukiloos 2 3","No description provided","Not credited","o-3Fjo0mz4Q"
"Malarvadi Balasangam","Kilukiloos 2 4","No description provided","Not credited","rM-0ejBcg7c"
"Malarvadi Balasangam","Kilukiloos 2 5","No description provided","Not credited","93GgOQH3ywY"
"Malarvadi Balasangam","malarvadi # balasangam #ramadan song","മലർവാടി ബാലസംഘം കേരളയുടെ റമദാൻ ആശംസകൾ","Not credited","TZOT_1KMyVs"
"Malarvadi Balasangam","Malarvadi Balasangam song","No description provided","Not credited","b8zan14LP30"
"Malarvadi Balasangam","malarvadi balasangam song thudithalam KALIYOONJAL","No description provided","Not credited","F1AQend3qPE"
"Malarvadi Balasangam","Malarvadi Balasangam Songs| arivanne","- video upload powered by https://www.TunesToTube.com","Not credited","0ljo6moDzME"
"Malarvadi Balasangam","Malarvadi Balasangam Songs| kalthe thodde njan","- video upload powered by https://www.TunesToTube.com","Not credited","K0gRcco1Sjk"
"Malarvadi Balasangam","Malarvadi Balasangam Songs| muttathe vaddathil","- video upload powered by https://www.TunesToTube.com","Not credited","TvpnHBSdID4"
"Malarvadi Balasangam","Malarvadi KIDDOS TV Eid Show:Song By Aisha Banu Shamnad","Aisha Banu Shamnad From Rose Unit Singing ""Neela niravaanil.."" | Performing For #MalrvadiKIDDOSTV Eid Show","Not credited","d0RUhEaczDU"
"Malarvadi Balasangam","malarvadi kilukiloos album sog.flv","malarvadi balasangam","Not credited","YK7kfhC_Yxk"
"Malarvadi Balasangam","ആകാശത്ത് |  ഒരുമിക്കാം ഒത്തുകളിക്കാം | ബാലോത്സവ ഗാനങ്ങള്‍ | Malarvadi Balasangam","ആകാശത്ത്..... | ഒരുമിക്കാം ഒത്തുകളിക്കാം | ബാലോത്സവ ഗാനങ്ങള്‍ | Orumikam Othukalikam | Malarvadi Balasangam | കേൾക്കാം ഇസ്‌ലാമിക ഗാനങ്ങൾ | ആൽബങ്ങൾ | 1. ഒരുമിക്കാം ഒത്തുകളിക്കാം.. ബാലോത്സവ ഗാനങ്ങള്‍ | 2. യവ്വനം- പോരാട്ടപ്പാട്ടുകള്‍ | 3. അബതാഹ്‌ | 4. മിഴിപ്പൂക്കൾ | 5. ഹിജാസ് | 6. ഹിറാ ഗാനങ്ങൾ | 7. കുട്ടികള്‍ക്കുള്ള അല്ലാഹുവിന്റെ പാഠങ്ങള്‍ | 8 ആദം - കുട്ടികള്‍ക്കായുള്ള അറിവിന്റെ പാട്ടുകള്‍ | 9. വിദ്യാര്‍ഥികളുടെ പടയും പാട്ടും","Not credited","q0-U0pjWH_g"
"Malarvadi Balasangam","ഒന്നിച്ചൊന്നായ് | ഒരുമിക്കാം ഒത്തുകളിക്കാം | ബാലോത്സവ ഗാനങ്ങള്‍ | Malarvadi Balasangam","ഒന്നിച്ചൊന്നായ്... | ഒരുമിക്കാം ഒത്തുകളിക്കാം | ബാലോത്സവ ഗാനങ്ങള്‍ | Orumikam Othukalikam | Malarvadi Balasangam | കേൾക്കാം ഇസ്‌ലാമിക ഗാനങ്ങൾ | ആൽബങ്ങൾ | 1. ഒരുമിക്കാം ഒത്തുകളിക്കാം.. ബാലോത്സവ ഗാനങ്ങള്‍ | 2. യവ്വനം- പോരാട്ടപ്പാട്ടുകള്‍ | 3. അബതാഹ്‌ | 4. മിഴിപ്പൂക്കൾ | 5. ഹിജാസ് | 6. ഹിറാ ഗാനങ്ങൾ | 7. കുട്ടികള്‍ക്കുള്ള അല്ലാഹുവിന്റെ പാഠങ്ങള്‍ | 8 ആദം - കുട്ടികള്‍ക്കായുള്ള അറിവിന്റെ പാട്ടുകള്‍ | 9. വിദ്യാര്‍ഥികളുടെ പടയും പാട്ടും","Not credited","KwNyCm7Fczc"
"Malarvadi Balasangam","ഓണതുമ്പികളെ | ഒരുമിക്കാം ഒത്തുകളിക്കാം | ബാലോത്സവ ഗാനങ്ങള്‍ | Malarvadi Balasangam","ഓണതുമ്പികളെ... | ഒരുമിക്കാം ഒത്തുകളിക്കാം | ബാലോത്സവ ഗാനങ്ങള്‍ | Orumikam Othukalikam | Malarvadi Balasangam | കേൾക്കാം ഇസ്‌ലാമിക ഗാനങ്ങൾ | ആൽബങ്ങൾ | 1. ഒരുമിക്കാം ഒത്തുകളിക്കാം.. ബാലോത്സവ ഗാനങ്ങള്‍ | 2. യവ്വനം- പോരാട്ടപ്പാട്ടുകള്‍ | 3. അബതാഹ്‌ | 4. മിഴിപ്പൂക്കൾ | 5. ഹിജാസ് | 6. ഹിറാ ഗാനങ്ങൾ | 7. കുട്ടികള്‍ക്കുള്ള അല്ലാഹുവിന്റെ പാഠങ്ങള്‍ | 8 ആദം - കുട്ടികള്‍ക്കായുള്ള അറിവിന്റെ പാട്ടുകള്‍ | 9. വിദ്യാര്‍ഥികളുടെ പടയും പാട്ടും","Not credited","t67DYjz1yi8"
"Malarvadi Balasangam","ഓരോ വിത്തും | ഒരുമിക്കാം ഒത്തുകളിക്കാം | ബാലോത്സവ ഗാനങ്ങള്‍ | Malarvadi Balasangam","ഓരോ വിത്തും... | ഒരുമിക്കാം ഒത്തുകളിക്കാം | ബാലോത്സവ ഗാനങ്ങള്‍ | Orumikam Othukalikam | Malarvadi Balasangam | കേൾക്കാം ഇസ്‌ലാമിക ഗാനങ്ങൾ | ആൽബങ്ങൾ | 1. ഒരുമിക്കാം ഒത്തുകളിക്കാം.. ബാലോത്സവ ഗാനങ്ങള്‍ | 2. യവ്വനം- പോരാട്ടപ്പാട്ടുകള്‍ | 3. അബതാഹ്‌ | 4. മിഴിപ്പൂക്കൾ | 5. ഹിജാസ് | 6. ഹിറാ ഗാനങ്ങൾ | 7. കുട്ടികള്‍ക്കുള്ള അല്ലാഹുവിന്റെ പാഠങ്ങള്‍ | 8 ആദം - കുട്ടികള്‍ക്കായുള്ള അറിവിന്റെ പാട്ടുകള്‍ | 9. വിദ്യാര്‍ഥികളുടെ പടയും പാട്ടും","Not credited","4k2kd_kzHiw"
"Malarvadi Balasangam","കിലുകിലൂസ്‌, KILUKILOOS:  In the minds of the children's  with boundless dreams part 3","കുഞ്ഞു മനസുകളില്‍ അതിരുകളില്ലാത്ത സ്വപ്‌നങ്ങള്‍ക്ക് നിറപ്പകിട്ടേകാന്‍ | മലര്‍വാടി ബാലസംഘം","Not credited","7k2AEZ_9z30"
"Malarvadi Balasangam","കിളിയുടെ | ഒരുമിക്കാം ഒത്തുകളിക്കാം | ബാലോത്സവ ഗാനങ്ങള്‍  | Malarvadi Balasangam","കിളിയുടെ... | ഒരുമിക്കാം ഒത്തുകളിക്കാം | ബാലോത്സവ ഗാനങ്ങള്‍ | Orumikam Othukalikam | Malarvadi Balasangam | കേൾക്കാം ഇസ്‌ലാമിക ഗാനങ്ങൾ | ആൽബങ്ങൾ | 1. ഒരുമിക്കാം ഒത്തുകളിക്കാം.. ബാലോത്സവ ഗാനങ്ങള്‍ | 2. യവ്വനം- പോരാട്ടപ്പാട്ടുകള്‍ | 3. അബതാഹ്‌ | 4. മിഴിപ്പൂക്കൾ | 5. ഹിജാസ് | 6. ഹിറാ ഗാനങ്ങൾ | 7. കുട്ടികള്‍ക്കുള്ള അല്ലാഹുവിന്റെ പാഠങ്ങള്‍ | 8 ആദം - കുട്ടികള്‍ക്കായുള്ള അറിവിന്റെ പാട്ടുകള്‍ | 9. വിദ്യാര്‍ഥികളുടെ പടയും പാട്ടും","Not credited","j70rbch-93s"
"Malarvadi Balasangam","കൂട്ട്","MALARVADI SONG PRESENTS MALARVADIKKOOTT | Lyrics:Iqbal Mullungal | VOCAL : Nawra Hanoon | Music: Orchestra : Sameer Ali | Mix & master : Xtrack studio tanalur","Nawra Hanoon","80r6VHVG7zw"
"Malarvadi Balasangam","നമുക്ക് നല്ല പാട്ടുപാടാം | ഒരുമിക്കാം ഒത്തുകളിക്കാം | ബാലോത്സവ ഗാനങ്ങള്‍ | Malarvadi Balasangam","നമുക്ക് നല്ല പാട്ടുപാടാം... | ഒരുമിക്കാം ഒത്തുകളിക്കാം | ബാലോത്സവ ഗാനങ്ങള്‍ | Orumikam Othukalikam | Malarvadi Balasangam | കേൾക്കാം ഇസ്‌ലാമിക ഗാനങ്ങൾ | ആൽബങ്ങൾ | 1. ഒരുമിക്കാം ഒത്തുകളിക്കാം.. ബാലോത്സവ ഗാനങ്ങള്‍ | 2. യവ്വനം- പോരാട്ടപ്പാട്ടുകള്‍ | 3. അബതാഹ്‌ | 4. മിഴിപ്പൂക്കൾ | 5. ഹിജാസ് | 6. ഹിറാ ഗാനങ്ങൾ | 7. കുട്ടികള്‍ക്കുള്ള അല്ലാഹുവിന്റെ പാഠങ്ങള്‍ | 8 ആദം - കുട്ടികള്‍ക്കായുള്ള അറിവിന്റെ പാട്ടുകള്‍ | 9. വിദ്യാര്‍ഥികളുടെ പടയും പാട്ടും","Not credited","pPqTThgAzqQ"
"Malarvadi Balasangam","പഠിക്കണം പകര്‍ത്തണം | ഒരുമിക്കാം ഒത്തുകളിക്കാം | ബാലോത്സവ ഗാനങ്ങള്‍ | Malarvadi Balasangam","പഠിക്കണം പകര്‍ത്തണം... | ഒരുമിക്കാം ഒത്തുകളിക്കാം | ബാലോത്സവ ഗാനങ്ങള്‍ | Orumikam Othukalikam | Malarvadi Balasangam | കേൾക്കാം ഇസ്‌ലാമിക ഗാനങ്ങൾ | ആൽബങ്ങൾ | 1. ഒരുമിക്കാം ഒത്തുകളിക്കാം.. ബാലോത്സവ ഗാനങ്ങള്‍ | 2. യവ്വനം- പോരാട്ടപ്പാട്ടുകള്‍ | 3. അബതാഹ്‌ | 4. മിഴിപ്പൂക്കൾ | 5. ഹിജാസ് | 6. ഹിറാ ഗാനങ്ങൾ | 7. കുട്ടികള്‍ക്കുള്ള അല്ലാഹുവിന്റെ പാഠങ്ങള്‍ | 8 ആദം - കുട്ടികള്‍ക്കായുള്ള അറിവിന്റെ പാട്ടുകള്‍ | 9. വിദ്യാര്‍ഥികളുടെ പടയും പാട്ടും","Not credited","zubyMecGhHw"
"Malarvadi Balasangam","മഞ്ഞു തുള്ളിയായ് | ഒരുമിക്കാം ഒത്തുകളിക്കാം | ബാലോത്സവ ഗാനങ്ങള്‍ | Malarvadi Balasangam","മഞ്ഞു തുള്ളിയായ്... | ഒരുമിക്കാം ഒത്തുകളിക്കാം | ബാലോത്സവ ഗാനങ്ങള്‍ | Orumikam Othukalikam | Malarvadi Balasangam | കേൾക്കാം ഇസ്‌ലാമിക ഗാനങ്ങൾ | ആൽബങ്ങൾ | 1. ഒരുമിക്കാം ഒത്തുകളിക്കാം.. ബാലോത്സവ ഗാനങ്ങള്‍ | 2. യവ്വനം- പോരാട്ടപ്പാട്ടുകള്‍ | 3. അബതാഹ്‌ | 4. മിഴിപ്പൂക്കൾ | 5. ഹിജാസ് | 6. ഹിറാ ഗാനങ്ങൾ | 7. കുട്ടികള്‍ക്കുള്ള അല്ലാഹുവിന്റെ പാഠങ്ങള്‍ | 8 ആദം - കുട്ടികള്‍ക്കായുള്ള അറിവിന്റെ പാട്ടുകള്‍ | 9. വിദ്യാര്‍ഥികളുടെ പടയും പാട്ടും","Not credited","LfZVnilAywQ"
"Malarvadi Balasangam","മലർവാടി പെരുന്നാൾ വിരുന്ന് | ബലിപെരുന്നാൾ പാട്ട് | മലർവാടി ബാലസംഘം","കരുതലിന്റെ കാലത്ത് ത്യാഗസമർപ്പണങ്ങളുടെ  ഓർമ്മ പുതുക്കി പ്രേക്ഷകരിലേക്കെത്തുന്നു!! | 'തക്ബീറൊലി' ബലിപെരുന്നാൾ പാട്ട്","Not credited","5Jm_L99eqZw"
"Malarvadi Balasangam","വരുന്നു ‍‌ഞങ്ങള്‍ | ഒരുമിക്കാം ഒത്തുകളിക്കാം | ബാലോത്സവ ഗാനങ്ങള്‍ | Malarvadi Balasangam","വരുന്നു ‍‌ഞങ്ങള്‍... | ഒരുമിക്കാം ഒത്തുകളിക്കാം | ബാലോത്സവ ഗാനങ്ങള്‍ | Orumikam Othukalikam | Malarvadi Balasangam | കേൾക്കാം ഇസ്‌ലാമിക ഗാനങ്ങൾ | ആൽബങ്ങൾ | 1. ഒരുമിക്കാം ഒത്തുകളിക്കാം.. ബാലോത്സവ ഗാനങ്ങള്‍ | 2. യവ്വനം- പോരാട്ടപ്പാട്ടുകള്‍ | 3. അബതാഹ്‌ | 4. മിഴിപ്പൂക്കൾ | 5. ഹിജാസ് | 6. ഹിറാ ഗാനങ്ങൾ | 7. കുട്ടികള്‍ക്കുള്ള അല്ലാഹുവിന്റെ പാഠങ്ങള്‍ | 8 ആദം - കുട്ടികള്‍ക്കായുള്ള അറിവിന്റെ പാട്ടുകള്‍ | 9. വിദ്യാര്‍ഥികളുടെ പടയും പാട്ടും","Not credited","63sTAbWuf6g"
"Malarvadi Balasangam","വാടി നല്ല മലര്‍വാടി | ഒരുമിക്കാം ഒത്തുകളിക്കാം | ബാലോത്സവ ഗാനങ്ങള്‍ | Malarvadi Balasangam","വാടി നല്ല മലര്‍വാടി...... | ഒരുമിക്കാം ഒത്തുകളിക്കാം | ബാലോത്സവ ഗാനങ്ങള്‍ | Orumikam Othukalikam | Malarvadi Balasangam | കേൾക്കാം ഇസ്‌ലാമിക ഗാനങ്ങൾ | ആൽബങ്ങൾ | 1. ഒരുമിക്കാം ഒത്തുകളിക്കാം.. ബാലോത്സവ ഗാനങ്ങള്‍ | 2. യവ്വനം- പോരാട്ടപ്പാട്ടുകള്‍ | 3. അബതാഹ്‌ | 4. മിഴിപ്പൂക്കൾ | 5. ഹിജാസ് | 6. ഹിറാ ഗാനങ്ങൾ | 7. കുട്ടികള്‍ക്കുള്ള അല്ലാഹുവിന്റെ പാഠങ്ങള്‍ | 8 ആദം - കുട്ടികള്‍ക്കായുള്ള അറിവിന്റെ പാട്ടുകള്‍ | 9. വിദ്യാര്‍ഥികളുടെ പടയും പാട്ടും","Not credited","wKSJQL3WfsA"
